{
  "obsidian-reading-time": ["1.0.0", "1.0.1", "1.0.2", "1.0.3"],
  "templater-obsidian": ["0.5.2", "0.5.3"],
  "obsidian-checklist-plugin": [
    "1.0.1",
    "1.0.2",
    "1.0.3",
    "1.0.4",
    "1.0.5",
    "1.0.6",
    "1.0.7",
    "1.0.8",
    "1.0.9",
    "1.0.10"
  ],
  "obsidian-filename-heading-sync": [
    "1.0.0",
    "1.1.0",
    "1.2.0",
    "1.3.0",
    "1.5.0"
  ],
  "linked-data-vocabularies": [
    "0.0.1",
    "0.0.2",
    "0.0.3",
    "0.0.4",
    "0.0.5",
    "0.0.6",
    "0.0.7",
    "0.0.8",
    "0.0.9",
    "0.0.10",
    "0.0.11",
    "0.1.0",
    "0.1.1",
    "0.1.2",
    "0.1.3",
    "0.1.4",
    "0.2.0",
    "0.2.1",
    "0.2.2",
    "0.2.3",
    "0.2.4",
    "0.2.5",
    "0.2.6",
    "0.2.7",
    "0.2.8",
    "0.2.9",
    "0.3.0",
    "0.3.1",
    "0.3.2",
    "0.4.0",
    "0.4.1",
    "0.4.2",
    "0.4.3",
    "0.4.4",
    "0.4.5",
    "0.5.0",
    "0.5.1",
    "0.6.0",
    "0.6.1"
  ],
  "frontmatter-links": ["1.2.5", "1.2.6"],
  "obsidian-toggle-list": ["1.2.6"]
}
