[
  {
    "name": "Atom",
    "author": "kognise",
    "repo": "kognise/obsidian-atom",
    "screenshot": "screenshot-hybrid.png",
    "modes": ["dark", "light"]
  },
  {
    "name": "Amethyst",
    "author": "cotemaxime",
    "repo": "cotemaxime/obsidian-amethyst",
    "screenshot": "screenshot.png",
    "modes": ["dark", "light"],
    "legacy": true
  },
  {
    "name": "Obsidian gruvbox",
    "author": "insanum",
    "repo": "insanum/obsidian_gruvbox",
    "screenshot": "dark.png",
    "modes": ["dark", "light"]
  },
  {
    "name": "Obsidian Nord",
    "author": "insanum",
    "repo": "insanum/obsidian_nord",
    "screenshot": "dark.png",
    "modes": ["dark", "light"]
  },
  {
    "name": "Dracula for Obsidian",
    "author": "jarodise",
    "repo": "jarodise/Dracula-for-Obsidian.md",
    "screenshot": "screencap.jpg",
    "modes": ["dark"]
  },
  {
    "name": "Gastown",
    "author": "lizardmenfromspace",
    "repo": "dogwaddle/obsidian-gastown-theme.md",
    "screenshot": "ObsidianOne.png",
    "modes": ["light"],
    "legacy": true
  },
  {
    "name": "80s Neon",
    "author": "deathau",
    "repo": "deathau/80s-Neon-for-Obsidian.md",
    "screenshot": "screenshot.jpg",
    "modes": ["dark", "light"]
  },
  {
    "name": "Base2Tone",
    "author": "deathau",
    "repo": "deathau/Base2Tone-For-Obsidian.md",
    "screenshot": "colours.gif",
    "modes": ["dark"]
  },
  {
    "name": "Notation",
    "author": "deathau",
    "repo": "deathau/Notation-for-Obsidian",
    "screenshot": "screenshot.jpg",
    "modes": ["dark", "light"]
  },
  {
    "name": "Solarized",
    "author": "harmtemolder",
    "repo": "harmtemolder/obsidian-solarized",
    "screenshot": "screenshot.png",
    "modes": ["dark", "light"]
  },
  {
    "name": "Comfort color dark",
    "author": "ezs",
    "repo": "obsidian-ezs/obsidian-comfort-color-dark",
    "screenshot": "screencap.png",
    "modes": ["dark"]
  },
  {
    "name": "Ursa",
    "author": "ezs",
    "repo": "obsidian-ezs/obsidian-ursa",
    "screenshot": "light-theme_full.png",
    "modes": ["dark", "light"]
  },
  {
    "name": "Cybertron",
    "author": "nickmilo",
    "repo": "nickmilo/Cybertron",
    "screenshot": "Cybertron.png",
    "modes": ["dark"]
  },
  {
    "name": "Moonlight",
    "author": "karz",
    "repo": "kartik-karz/moonlight-obsidian",
    "screenshot": "moonlight-theme.png",
    "modes": ["dark", "light"]
  },
  {
    "name": "Red Graphite",
    "author": "SeanWcom",
    "repo": "seanwcom/Red-Graphite-for-Obsidian",
    "screenshot": "thumbnail.png",
    "modes": ["dark", "light"]
  },
  {
    "name": "Subtlegold",
    "author": "karz",
    "repo": "kartik-karz/subtlegold-obsidian",
    "screenshot": "subtlegold-theme.png",
    "modes": ["dark", "light"]
  },
  {
    "name": "Obsidian Boom",
    "author": "Sainadh",
    "repo": "sainadh-d/obsidian-boom",
    "screenshot": "roam-1.png",
    "modes": ["light"]
  },
  {
    "name": "Hulk",
    "author": "Reggie",
    "repo": "pgalliford/Obsidian-theme-Incredible-Hulk",
    "screenshot": "Screen Shot.png",
    "modes": ["dark"]
  },
  {
    "name": "Pisum",
    "author": "MooddooM",
    "repo": "GuangluWu/obsidian-pisum",
    "screenshot": "fullpower.png",
    "modes": ["dark"]
  },
  {
    "name": "Traffic Lights",
    "author": "Boyd",
    "repo": "elliotboyd/obsidian-traffic-lights",
    "screenshot": "dark.png",
    "modes": ["dark", "light"],
    "legacy": true
  },
  {
    "name": "Ars Magna",
    "author": "Mediapathic",
    "repo": "mediapathic/obsidian-arsmagna-theme",
    "screenshot": "arsmagna.png",
    "modes": ["dark", "light"],
    "legacy": true
  },
  {
    "name": "Obsdn-Dark-Rmx",
    "author": "_ph",
    "repo": "cannibalox/Obsdn-dark-rmx",
    "screenshot": "Obsdn-Dark-Rmx.png",
    "modes": ["dark", "light"],
    "legacy": true
  },
  {
    "name": "Minimal",
    "author": "kepano",
    "repo": "kepano/obsidian-minimal",
    "screenshot": "dark-simple.png",
    "modes": ["dark", "light"]
  },
  {
    "name": "obsidian_ia",
    "author": "rcvd",
    "repo": "rcvd/obsidian_ia",
    "screenshot": "light.png",
    "modes": ["dark", "light"]
  },
  {
    "name": "Charcoal",
    "author": "bernardo_v",
    "repo": "bcdavasconcelos/Obsidian-Charcoal",
    "screenshot": "charcoal.png",
    "modes": ["dark"]
  },
  {
    "name": "Panic Mode",
    "author": "bernardo_v",
    "repo": "bcdavasconcelos/Obsidian-Panic_Mode",
    "screenshot": "panic.png",
    "modes": ["dark"]
  },
  {
    "name": "Dark Graphite",
    "author": "bernardo_v",
    "repo": "bcdavasconcelos/Obsidian-Graphite",
    "screenshot": "graphite.png",
    "modes": ["dark"]
  },
  {
    "name": "Ayu",
    "author": "bernardo_v",
    "repo": "bcdavasconcelos/Obsidian-Ayu",
    "screenshot": "ayu2.png",
    "modes": ["light"],
    "legacy": true
  },
  {
    "name": "Ayu Mirage",
    "author": "bernardo_v",
    "repo": "bcdavasconcelos/Obsidian-Ayu_Mirage",
    "screenshot": "ayu1.png",
    "modes": ["dark"]
  },
  {
    "name": "GDCT",
    "author": "bernardo_v",
    "repo": "bcdavasconcelos/Obsidian-GDCT",
    "screenshot": "gdct.png",
    "modes": ["light"]
  },
  {
    "name": "GDCT Dark",
    "author": "bernardo_v",
    "repo": "bcdavasconcelos/Obsidian-GDCT_Dark",
    "screenshot": "gdct.png",
    "modes": ["dark"]
  },
  {
    "name": "Obuntu",
    "author": "Dubinin Dmitry",
    "repo": "dmytrodubinin/Obuntu-theme-for-Obsidian",
    "screenshot": "screenshot.jpg",
    "modes": ["dark", "light"]
  },
  {
    "name": "Ono Sendai",
    "author": "_ph",
    "repo": "cannibalox/ono-sendai_obsdn",
    "screenshot": "ono-sendai_obsdn_00.png",
    "modes": ["dark", "light"]
  },
  {
    "name": "Blue Topaz",
    "author": "Whyl",
    "repo": "PKM-er/Blue-Topaz_Obsidian-css",
    "screenshot": "preview_Blue Topaz.png",
    "modes": ["dark", "light"]
  },
  {
    "name": "Reverie",
    "author": "Santi Younger",
    "repo": "santiyounger/Reverie-Obsidian-Theme",
    "screenshot": "img/reverie-2020-09-14-dark.png",
    "modes": ["dark", "light"]
  },
  {
    "name": "Dark Graphite Pie",
    "author": "kitchenrunner",
    "repo": "ryjjin/Obsidian-Dark-Graphite-Pie-theme",
    "screenshot": "Dark Graphite Pie theme 0.9.4.png",
    "modes": ["dark", "light"]
  },
  {
    "name": "Obsidianite",
    "author": "Benny Guo",
    "repo": "bennyxguo/Obsidian-Obsidianite",
    "screenshot": "images/demo1.png",
    "modes": ["dark"]
  },
  {
    "name": "Gitsidian",
    "author": "Ish Gunacar",
    "repo": "ismailgunacar/gitsidian",
    "screenshot": "showcase.png",
    "modes": ["dark", "light"]
  },
  {
    "name": "Comfort Smooth",
    "author": "Spark",
    "repo": "sparklau/comfort-smooth",
    "screenshot": "comfort-smooth.png",
    "modes": ["dark"]
  },
  {
    "name": "Suddha",
    "author": "dxcore35",
    "repo": "dxcore35/Suddha-theme",
    "screenshot": "Images/Preview1.jpg",
    "modes": ["dark", "light"]
  },
  {
    "name": "Discordian",
    "author": "radekkozak",
    "repo": "radekkozak/discordian",
    "screenshot": "media/screenshots/discordian-full-mode.png",
    "modes": ["dark"]
  },
  {
    "name": "Al Dente",
    "author": "chad-bennett",
    "repo": "chad-bennett/al-dente-obsidian-theme",
    "screenshot": "aldente-screenshot.png",
    "modes": ["light"]
  },
  {
    "name": "Wasp",
    "author": "Santi Younger",
    "repo": "santiyounger/Wasp-Obsidian-Theme",
    "screenshot": "img/wasp-dark.png",
    "modes": ["dark", "light"]
  },
  {
    "name": "Higlighter",
    "author": "lukauskas",
    "repo": "lukauskas/obsidian-highlighter-theme",
    "screenshot": "screenshots/screenshot-themes-panel.png",
    "modes": ["light"],
    "legacy": true
  },
  {
    "name": "ITS Theme",
    "author": "SlRvb",
    "repo": "SlRvb/Obsidian--ITS-Theme",
    "screenshot": "ITS.png",
    "modes": ["dark", "light"]
  },
  {
    "name": "Hipstersmoothie",
    "author": "Andrew Lisowski",
    "repo": "hipstersmoothie/hipstersmoothie-obsidian-theme",
    "screenshot": "hipstersmoothie-obsidian-theme.png",
    "modes": ["dark"]
  },
  {
    "name": "Aurora",
    "author": "Benny Guo",
    "repo": "auroral-ui/aurora-obsidian-md",
    "screenshot": "screenshots/screenshot-1.png",
    "modes": ["dark"]
  },
  {
    "name": "Iceberg",
    "author": "izumin5210",
    "repo": "izumin5210/obsidian-iceberg",
    "screenshot": "screenshot.png",
    "modes": ["dark"]
  },
  {
    "name": "Yin and Yang",
    "author": "Chetachi E.",
    "repo": "chetachiezikeuzor/Yin-and-Yang-Theme",
    "screenshot": "assets/screenshot.png",
    "modes": ["dark", "light"],
    "legacy": true
  },
  {
    "name": "Golden Topaz",
    "author": "Mouth on Cloud",
    "repo": "shaggyfeng/obsidian-Golden-Topaz-theme",
    "screenshot": "screenshot.png",
    "modes": ["dark", "light"]
  },
  {
    "name": "Pink Topaz",
    "author": "Mouth on Cloud",
    "repo": "shaggyfeng/obsidian-Pink-topaz-theme",
    "screenshot": "screenshot.png",
    "modes": ["dark", "light"]
  },
  {
    "name": "Dark Moss",
    "author": "sergey",
    "repo": "sergey900553/obsidian_githublike_theme",
    "screenshot": "screenshot.png",
    "modes": ["dark"]
  },
  {
    "name": "Mammoth",
    "author": "Witt Allen",
    "repo": "Wittionary/mammoth-obsidian-theme",
    "screenshot": "screenshots/thumbnail.png",
    "modes": ["dark"]
  },
  {
    "name": "Rmaki",
    "author": "Luke Ruokaismaki",
    "repo": "luke-rmaki/rmaki-obsidian",
    "screenshot": "screenshot.png",
    "modes": ["dark"]
  },
  {
    "name": "Cyber Glow",
    "author": "ThePharaohArt",
    "repo": "ThePharaohArt/Obsidian-CyberGlow",
    "screenshot": "Screenshot.png",
    "modes": ["dark", "light"]
  },
  {
    "name": "Darkyan",
    "author": "johackim",
    "repo": "johackim/obsidian-darkyan",
    "screenshot": "screenshot.png",
    "modes": ["dark"]
  },
  {
    "name": "Everforest",
    "author": "MrGlitchByte",
    "repo": "0xGlitchbyte/obsidian_everforest",
    "screenshot": "dark_v2.png",
    "modes": ["dark", "light"]
  },
  {
    "name": "Blackbird",
    "author": "Ivan Chernov",
    "repo": "vanadium23/obsidian-blackbird-theme",
    "screenshot": "images/example.png",
    "modes": ["dark"]
  },
  {
    "name": "Behave dark",
    "author": "Chrismettal",
    "repo": "Chrismettal/Obsidian-Behave-dark",
    "screenshot": "Screenshot.png",
    "modes": ["dark"]
  },
  {
    "name": "Obsidian Windows 98 Edition",
    "author": "SMUsamaShah",
    "repo": "SMUsamaShah/Obsidian-Win98-Edition",
    "screenshot": "screenshots/main.png",
    "modes": ["dark", "light"],
    "legacy": true
  },
  {
    "name": "Lizardmen Zettelkasten",
    "author": "lizardmenfromspace",
    "repo": "dogwaddle/lizardmen-zettelkasten",
    "screenshot": "screenshot.png",
    "modes": ["light"],
    "legacy": true
  },
  {
    "name": "Shimmering Focus",
    "author": "pseudometa",
    "repo": "chrisgrieser/shimmering-focus",
    "screenshot": "assets/promo-screenshot.webp",
    "modes": ["dark", "light"]
  },
  {
    "name": "Firefly",
    "author": "Ali Soueidan",
    "repo": "lazercaveman/obsidian-firefly-theme",
    "screenshot": "firefly-theme-screenshot.png",
    "modes": ["dark"]
  },
  {
    "name": "Purple Owl",
    "author": "zacharyc",
    "repo": "zacharyc/purple-owl-theme",
    "screenshot": "purple-owl-theme.png",
    "modes": ["dark"]
  },
  {
    "name": "Emerald",
    "author": "Piglet1236",
    "repo": "gracejoseph1236/obsidian-emerald",
    "screenshot": "example.png",
    "modes": ["dark"],
    "legacy": true
  },
  {
    "name": "Sodalite",
    "author": "tomzorz",
    "repo": "tomzorz/Sodalite",
    "screenshot": "screenshot.png",
    "modes": ["dark"]
  },
  {
    "name": "Faded",
    "author": "Josh Kasap",
    "repo": "JoshKasap/Obsidian-Faded-Theme",
    "screenshot": "Faded.png",
    "modes": ["dark"]
  },
  {
    "name": "Sanctum",
    "author": "jdanielmourao",
    "repo": "jdanielmourao/obsidian-sanctum",
    "screenshot": "cover.png",
    "modes": ["dark", "light"]
  },
  {
    "name": "Cardstock",
    "author": "cassidoo",
    "repo": "cassidoo/cardstock",
    "screenshot": "miniscreenshot.png",
    "modes": ["dark", "light"]
  },
  {
    "name": "Pine Forest Berry",
    "author": "Nilahn",
    "repo": "Nilahn/pine_forest_berry",
    "screenshot": "Screenshot PFB 1.png",
    "modes": ["dark", "light"]
  },
  {
    "name": "Ros\u00e9 Pine Moon",
    "author": "mimishahzad",
    "repo": "mimishahzad/rose-pine-moon-obsidian",
    "screenshot": "assets/template.png",
    "modes": ["dark"]
  },
  {
    "name": "Ruby",
    "author": "Piglet1236",
    "repo": "gracejoseph1236/obsidian-ruby",
    "screenshot": "example.png",
    "modes": ["dark"],
    "legacy": true
  },
  {
    "name": "Prism",
    "author": "Damian Korcz",
    "repo": "damiankorcz/Prism-Theme",
    "screenshot": "assets/screenshots/Community Themes Screenshot.png",
    "modes": ["dark", "light"]
  },
  {
    "name": "Carnelian",
    "author": "Piglet1236",
    "repo": "gracejoseph1236/obsidian-carnelian",
    "screenshot": "example.png",
    "modes": ["dark"],
    "legacy": true
  },
  {
    "name": "Ebullientworks",
    "author": "Erin Schnabel",
    "repo": "ebullient/obsidian-theme-ebullientworks",
    "screenshot": "images/ebullientworks-theme.jpg",
    "modes": ["dark", "light"]
  },
  {
    "name": "Purple Aurora",
    "author": "<Serice",
    "repo": "AndreasStandar/Obsidian-Theme---Purple-Aurora",
    "screenshot": "1 Purple Aurora screenshot.png",
    "modes": ["dark"]
  },
  {
    "name": "Primary",
    "author": "Cecilia May",
    "repo": "primary-theme/obsidian",
    "screenshot": "assets/obsidian-store-header.png",
    "modes": ["light", "dark"]
  },
  {
    "name": "Terminal",
    "author": "zcysxy",
    "repo": "zcysxy/Obsidian-Terminal-Theme",
    "screenshot": "screenshots/terminal.png",
    "modes": ["dark"]
  },
  {
    "name": "Bubble Space",
    "author": "Emrie Candera",
    "repo": "Emrie-Candera/Bubble-Space-Theme",
    "screenshot": "screenshot.png",
    "modes": ["dark", "light"],
    "legacy": true
  },
  {
    "name": "Things",
    "author": "Colin Eckert",
    "repo": "colineckert/obsidian-things",
    "screenshot": "assets/main-demo.png",
    "modes": ["light", "dark"]
  },
  {
    "name": "Typomagical",
    "author": "Hung-Su Nguyen",
    "repo": "hungsu/typomagical-obsidian",
    "screenshot": "Typomagical-split.jpg",
    "modes": ["light", "dark"]
  },
  {
    "name": "Wyrd",
    "author": "Curio Heart",
    "repo": "curio-heart/obsidian-wyrd",
    "screenshot": "img/Wyrd.png",
    "modes": ["dark", "light"]
  },
  {
    "name": "Typewriter",
    "author": "crashmoney",
    "repo": "crashmoney/obsidian-typewriter",
    "screenshot": "cover.jpg",
    "modes": ["dark", "light"]
  },
  {
    "name": "Harmonic",
    "author": "Thiews",
    "repo": "Thiews/Obsidian-Harmonic",
    "screenshot": "cover.png",
    "modes": ["dark", "light"],
    "legacy": true
  },
  {
    "name": "Dracula Official",
    "author": "Dracula",
    "repo": "dracula/obsidian",
    "screenshot": "screenshot.png",
    "modes": ["dark"]
  },
  {
    "name": "Dracula Slim",
    "author": "bLaCkwEw",
    "repo": "bLaCkwEw/Dracula-Slim",
    "screenshot": "screenshot.png",
    "modes": ["dark"]
  },
  {
    "name": "Sandstorm",
    "author": "jaysan",
    "repo": "jaysan0/obsidian-sandstorm",
    "screenshot": "screenshot.png",
    "modes": ["dark", "light"]
  },
  {
    "name": "LYT Mode",
    "author": "nickmilo",
    "repo": "nickmilo/LYT-Mode",
    "screenshot": "lyt-mode-graphic-1.jpg",
    "modes": ["dark"]
  },
  {
    "name": "Carpe Noctem",
    "author": "Alex B",
    "repo": "operator-axel/obsdian_theme--Carpe_Noctem",
    "screenshot": "screenshot.png",
    "modes": ["dark"],
    "legacy": true
  },
  {
    "name": "Catppuccin",
    "author": "Marshall Beckrich",
    "repo": "catppuccin/obsidian",
    "screenshot": "assets/screenshot.png",
    "modes": ["dark", "light"]
  },
  {
    "name": "Theme-That-Shall-Not-Be-Named",
    "author": "Chop the Viking",
    "repo": "ChopTV/Obsidian-Theme-That-Shall-Not-Be-Named",
    "screenshot": "Theme-That-Shall-Not-Be-Named.png",
    "modes": ["dark"]
  },
  {
    "name": "Willemstad",
    "author": "tingmelvin",
    "repo": "tingmelvin/willemstad-x",
    "screenshot": "img/Willemstad-X.png",
    "modes": ["dark", "light"],
    "publish": true
  },
  {
    "name": "Royal Velvet",
    "author": "caro401",
    "repo": "caro401/royal-velvet",
    "screenshot": "royal-velvet.png",
    "modes": ["dark", "light"]
  },
  {
    "name": "Dracula + LYT",
    "author": "xRyul",
    "repo": "xRyul/ObsidianMD_Dracula_x_LYT",
    "screenshot": "Overview.jpg",
    "modes": ["dark"]
  },
  {
    "name": "Mado 11",
    "author": "hydescarf",
    "repo": "hydescarf/Obsidian-Theme-Mado-11",
    "screenshot": "img/store-cover.png",
    "modes": ["dark", "light"]
  },
  {
    "name": "Everblush",
    "author": "Mangeshrex",
    "repo": "Everblush/Obsidian",
    "screenshot": "preview.png",
    "modes": ["dark"]
  },
  {
    "name": "AbsoluteGruv",
    "author": "kkY",
    "repo": "kkYrusobad/AbsoluteGruv",
    "screenshot": "obsidian.png",
    "modes": ["dark"]
  },
  {
    "name": "Violet Evening",
    "author": "aitaDev",
    "repo": "aitaDev/Violet-Evening-for-Obsidian",
    "screenshot": "screenshot.png",
    "modes": ["dark"]
  },
  {
    "name": "Zenburn",
    "author": "danyim",
    "repo": "danyim/obsidian-zenburn",
    "screenshot": "screen.png",
    "modes": ["dark"]
  },
  {
    "name": "Modern Dark",
    "author": "Robert M",
    "repo": "roberts-code/obsidian-theme-modern-dark",
    "screenshot": "screenshot.png",
    "modes": ["dark"],
    "legacy": true
  },
  {
    "name": "Solitude",
    "author": "MajorEnkidu",
    "repo": "KyleKlus/solitude-obsidian-theme",
    "screenshot": "promo_screenshot.png",
    "modes": ["dark"]
  },
  {
    "name": "Viridian",
    "author": "mulfok",
    "repo": "mulfok/obsidian-viridian",
    "screenshot": "cover.png",
    "modes": ["dark", "light"],
    "legacy": true
  },
  {
    "name": "Kanagawa",
    "author": "sspaeti",
    "repo": "sspaeti/obsidian_kanagawa",
    "screenshot": "dark.png",
    "modes": ["dark", "light"]
  },
  {
    "name": "Encore",
    "author": "Lucas Champagne",
    "repo": "Carbonateb/obsidian-encore-theme",
    "screenshot": "images/promo-image.png",
    "modes": ["dark", "light"]
  },
  {
    "name": "Mado Miniflow",
    "author": "hydescarf",
    "repo": "hydescarf/Obsidian-Theme-Mado-Miniflow",
    "screenshot": "img/store-cover.png",
    "modes": ["dark", "light"]
  },
  {
    "name": "Micro Mike",
    "author": "ThisTheThe",
    "repo": "ThisTheThe/MicroMike",
    "screenshot": "screenshotThumb.png",
    "modes": ["dark"]
  },
  {
    "name": "Dayspring",
    "author": "Eric Rykwalder",
    "repo": "erykwalder/dayspring-theme",
    "screenshot": "screenshots/thumbnail.png",
    "modes": ["light"]
  },
  {
    "name": "Fusion",
    "author": "zamsyt",
    "repo": "zamsyt/obsidian-fusion",
    "screenshot": "thumbnail.png",
    "modes": ["dark", "light"]
  },
  {
    "name": "Ultra Lobster",
    "author": "kneecaps",
    "repo": "7368697661/Ultra-Lobster",
    "screenshot": "preview_thumb.png",
    "modes": ["dark", "light"]
  },
  {
    "name": "GitHub Theme",
    "author": "krios2146",
    "repo": "krios2146/obsidian-theme-github",
    "screenshot": "imgs/thumbnail.png",
    "modes": ["dark", "light"]
  },
  {
    "name": "SynthWave",
    "author": "Marco Luzi",
    "repo": "marcoluzi/obsidian-synthwave",
    "screenshot": "screenshot.jpeg",
    "modes": ["dark"]
  },
  {
    "name": "Oldsidian Purple",
    "author": "ltctceplrm",
    "repo": "ltctceplrm/oldsidian-purple",
    "screenshot": "cover.png",
    "modes": ["dark"]
  },
  {
    "name": "deeper work",
    "author": "lucas",
    "repo": "lucas-fern/obsidian-deeper-work-theme",
    "screenshot": "thumbnail.png",
    "modes": ["dark"]
  },
  {
    "name": "Aura",
    "author": "ashwinjadhav818",
    "repo": "ashwinjadhav818/obsidian-aura",
    "screenshot": "assets/showcase-preview.png",
    "modes": ["dark", "light"]
  },
  {
    "name": "ion",
    "author": "zamsyt",
    "repo": "zamsyt/obsidian-ion",
    "screenshot": "thumbnail.png",
    "modes": ["dark"]
  },
  {
    "name": "Listive",
    "author": "efemkay",
    "repo": "efemkay/obsidian-listive-theme",
    "screenshot": "thumbnail.jpg",
    "modes": ["dark", "light"]
  },
  {
    "name": "Material Ocean",
    "author": "dragonwocky",
    "repo": "dragonwocky/obsidian-material-ocean",
    "screenshot": "thumbnail.png",
    "modes": ["dark"]
  },
  {
    "name": "WY Console",
    "author": "Satchelmouth",
    "repo": "Satchelmouth/Obsidian-Theme-WYConsole",
    "screenshot": "WYConsole_Store_Screenshot.png",
    "modes": ["dark", "light"]
  },
  {
    "name": "Adwaita",
    "author": "birneee",
    "repo": "birneee/obsidian-adwaita-theme",
    "screenshot": "generated/theme-store-preview.png",
    "modes": ["dark", "light"]
  },
  {
    "name": "Apatheia",
    "author": "AmadeusWM",
    "repo": "AmadeusWM/Obsidian-Apatheia",
    "screenshot": "promo_screenshot.png",
    "modes": ["dark"]
  },
  {
    "name": "Origami",
    "author": "kneecaps",
    "repo": "7368697661/Origami",
    "screenshot": "screen.png",
    "modes": ["dark", "light"]
  },
  {
    "name": "Border",
    "author": "Akifyss",
    "repo": "Akifyss/obsidian-border",
    "screenshot": "cover.png",
    "modes": ["dark", "light"]
  },
  {
    "name": "Typora-Vue",
    "author": "ZekunC",
    "repo": "ZekunC/Obsidian-Typora-Vue-Theme",
    "screenshot": "obsidian-typora-vue.png",
    "modes": ["dark", "light"]
  },
  {
    "name": "Abecedarium",
    "author": "zalenza",
    "repo": "zalenza/Abecedarium-theme",
    "screenshot": "abecedarium_dark.png",
    "modes": ["dark", "light"]
  },
  {
    "name": "Light & Bright",
    "author": "Ha'ani Whitlock",
    "repo": "Bluemoondragon07/obsidian-light-and-bright-theme",
    "screenshot": "light-and-bright-cover.png",
    "modes": ["dark", "light"]
  },
  {
    "name": "Wikipedia",
    "author": "Ha'ani Whitlock",
    "repo": "Bluemoondragon07/Wikipedia-Theme",
    "screenshot": "example.png",
    "modes": ["dark", "light"]
  },
  {
    "name": "Material Gruvbox",
    "author": "AllJavi",
    "repo": "AllJavi/material_gruvbox_obsidian",
    "screenshot": "promo_screenshot.png",
    "modes": ["dark", "light"]
  },
  {
    "name": "Wombat",
    "author": "hush-hush",
    "repo": "hush-hush/obsidian_wombat",
    "screenshot": "main_thumbnail.png",
    "modes": ["dark"]
  },
  {
    "name": "Vibrant",
    "author": "James Lemony",
    "repo": "JamesLemony/obsidian_vibrant",
    "screenshot": "images/demo1.png",
    "modes": ["dark"]
  },
  {
    "name": "Shiba Inu",
    "author": "Farouk",
    "repo": "faroukx/Obsidian-shiba-inu-theme",
    "screenshot": "shibainubackgroundshowcase.png",
    "modes": ["dark", "light"]
  },
  {
    "name": "AnuPpuccin",
    "author": "Anubis",
    "repo": "AnubisNekhet/AnuPpuccin",
    "screenshot": "preview.png",
    "modes": ["dark", "light"]
  },
  {
    "name": "Abyssal",
    "author": "tazpellegrini",
    "repo": "tazpellegrini/abyssalobsidian",
    "screenshot": "abyssal-thumbnail.png",
    "modes": ["dark", "light"]
  },
  {
    "name": "Jotter",
    "author": "lnbgc",
    "repo": "lnbgc/obsidian-jotter",
    "screenshot": "jotter.png",
    "modes": ["dark", "light"]
  },
  {
    "name": "PLN",
    "author": "PipeItToDevNull",
    "repo": "PipeItToDevNull/PLN",
    "screenshot": "screenshot.png",
    "modes": ["dark", "light"]
  },
  {
    "name": "Dracula Gemini",
    "author": "Alex Olshansky",
    "repo": "clbn/dracula-gemini",
    "screenshot": "images/cover-thumbnail.png",
    "modes": ["dark"]
  },
  {
    "name": "Dawn",
    "author": "Min",
    "repo": "ds-package/Dawn",
    "screenshot": "assets/00-screenshot-small.png",
    "modes": ["dark", "light"]
  },
  {
    "name": "Cybertron Shifted",
    "author": "JorgEdmundo",
    "repo": "JorgEdmundo/cybertron-shifted",
    "screenshot": "CybertronShifted.png",
    "modes": ["dark"]
  },
  {
    "name": "Rezin",
    "author": "NicolasGHS",
    "repo": "NicolasGHS/Rezin-theme",
    "screenshot": "assets/image.png",
    "modes": ["dark"]
  },
  {
    "name": "Material Flat",
    "author": "Threethan",
    "repo": "threethan/obsidian-material-flat-theme",
    "screenshot": "screenshot.png",
    "modes": ["dark", "light"]
  },
  {
    "name": "Nightingale",
    "author": "frank0713",
    "repo": "frank0713/nightingale-obsidian",
    "screenshot": "image/cover.png",
    "modes": ["dark"]
  },
  {
    "name": "Dekurai",
    "author": "sergey",
    "repo": "sergey900553/obsidian_dekurai_theme",
    "screenshot": "screenshot.png",
    "modes": ["dark"]
  },
  {
    "name": "Polka",
    "author": "Callum Hackett",
    "repo": "callumhackett/obsidian_polka_theme",
    "screenshot": "polka.png",
    "modes": ["dark", "light"]
  },
  {
    "name": "Tomorrow Night Bright",
    "author": "Gerard Braad",
    "repo": "gbraad-obsidian/obsidian-tomorrow-night-bright-theme",
    "screenshot": "images/example.png",
    "modes": ["dark"]
  },
  {
    "name": "Lemons Theme",
    "author": "Moritz Jung",
    "repo": "mProjectsCode/obsidian-lemons-theme",
    "screenshot": "lemons-theme-picture-low-res.PNG",
    "modes": ["dark"]
  },
  {
    "name": "Maple",
    "author": "subframe7536",
    "repo": "subframe7536/obsidian-theme-maple",
    "screenshot": "img/screenshot.png",
    "modes": ["dark", "light"]
  },
  {
    "name": "Obsidianotion",
    "author": "Diego Eis",
    "repo": "diegoeis/obsidianotion",
    "screenshot": "cover.png",
    "modes": ["dark", "light"]
  },
  {
    "name": "Elegance",
    "author": "Victologo",
    "repo": "Victologo/elegance-theme",
    "screenshot": "assets/Miniatura - Elegance (tema para Obisidian).jpg",
    "modes": ["dark", "light"]
  },
  {
    "name": "Tokyo Night",
    "author": "tcmmichaelb139",
    "repo": "tcmmichaelb139/obsidian-tokyonight",
    "screenshot": "dark.png",
    "modes": ["dark", "light"]
  },
  {
    "name": "iA Writer",
    "author": "mrowa44",
    "repo": "mrowa44/obsidian-ia-writer",
    "screenshot": "promo_screenshot.png",
    "modes": ["dark", "light"]
  },
  {
    "name": "Notation 2",
    "author": "Ha'ani Whitlock",
    "repo": "Bluemoondragon07/obsidian-notation-2",
    "screenshot": "cover-small.png",
    "modes": ["dark", "light"]
  },
  {
    "name": "Dune",
    "author": "Joval",
    "repo": "Jopp-gh/Obsidian-Dune84",
    "screenshot": "Dune-Obsidian.jpg",
    "modes": ["dark", "light"]
  },
  {
    "name": "Sanguine",
    "author": "Satchelmouth",
    "repo": "Satchelmouth/Obsidian-Theme-Sanguine",
    "screenshot": "Sanguine_Store_Screenshot.png",
    "modes": ["dark"]
  },
  {
    "name": "Everforest Enchanted",
    "author": "FireIsGood",
    "repo": "FireIsGood/obsidian-everforest-enchanted",
    "screenshot": "promo_screenshot.png",
    "modes": ["dark", "light"]
  },
  {
    "name": "sQdthOne",
    "author": "Keith 'sQdth' Lerner",
    "repo": "KeithLerner/ObsidianMDsQdthOne",
    "screenshot": "GitCapture.png",
    "modes": ["dark", "light"]
  },
  {
    "name": "GitHubDHC",
    "author": "Scott Kirvan",
    "repo": "ScottKirvan/GitHubDHC",
    "screenshot": "imgs/thumbnail.png",
    "modes": ["dark"]
  },
  {
    "name": "Proper Dark",
    "author": "Lukas Bach",
    "repo": "lukasbach/obsidian-proper-dark",
    "screenshot": "thumb.png",
    "modes": ["dark", "light"]
  },
  {
    "name": "Sparkling Night",
    "author": "Isax785",
    "repo": "isax785/obsidian-sparkling-night",
    "screenshot": "img/sparkling_night.png",
    "modes": ["dark", "light"]
  },
  {
    "name": "Serenity",
    "author": "Ha'ani Whitlock",
    "repo": "Bluemoondragon07/Obsidian-Serenity",
    "screenshot": "cover-small.png",
    "modes": ["dark", "light"]
  },
  {
    "name": "Olivier\u2019s Theme",
    "author": "Olivier Spinnler",
    "repo": "OlivierPS/Olivier-s-Theme",
    "screenshot": "main-screenshot.png",
    "modes": ["dark", "light"]
  },
  {
    "name": "Synthwave '84",
    "author": "George Jose",
    "repo": "G2Jose/synthwave-84-obsidian-theme",
    "screenshot": "screenshot-512x288.png",
    "modes": ["dark"]
  },
  {
    "name": "iB Writer",
    "author": "whereiswhere",
    "repo": "whereiswhere/iB-Writer",
    "screenshot": "store-screenshot.png",
    "modes": ["dark", "light"]
  },
  {
    "name": "Buena Vista",
    "author": "oqipo",
    "repo": "oqipoDev/buena-vista-obsidian",
    "screenshot": "img/thumb.png",
    "modes": ["dark", "light"]
  },
  {
    "name": "Simplicity",
    "author": "Thiews",
    "repo": "Thiews/obsidian-simplicity",
    "screenshot": "cover.png",
    "modes": ["dark", "light"]
  },
  {
    "name": "MagicUser",
    "author": "Bernardo Pires",
    "repo": "drbap/magicuser-theme-for-obsidian",
    "screenshot": "screenshot.png",
    "modes": ["dark", "light"]
  },
  {
    "name": "ProtocolBlue",
    "author": "bluecosmo",
    "repo": "PrettyBoyCosmo/ProtocolBlue",
    "screenshot": "assets/image.png",
    "modes": ["dark"]
  },
  {
    "name": "Yue",
    "author": "Gixo",
    "repo": "GixoXYZ/YueObsidian",
    "screenshot": "assets/main-demo.png",
    "modes": ["light", "dark"]
  },
  {
    "name": "Brutalism",
    "author": "abrahambahez",
    "repo": "abrahambahez/Brutalism",
    "screenshot": "brutalism_dark.png",
    "modes": ["dark", "light"]
  },
  {
    "name": "Tokyo Night Storm",
    "author": "arozx",
    "repo": "arozx/obsidian_tokyo-night-storm",
    "screenshot": "tokyo-night-storm.png",
    "modes": ["dark"]
  },
  {
    "name": "Strict",
    "author": "Nikolai2038",
    "repo": "Nikolai2038/strict-obsidian-theme",
    "screenshot": "screenshot_edit_mode.png",
    "modes": ["dark"]
  },
  {
    "name": "NeuBorder",
    "author": "sq1000000",
    "repo": "sq1000000/NeuBorder",
    "screenshot": "img/cover.png",
    "modes": ["light"]
  },
  {
    "name": "Bolt",
    "author": "Ha'ani Whitlock",
    "repo": "Bluemoondragon07/Obsidian-Bolt",
    "screenshot": "cover.png",
    "modes": ["dark", "light"]
  },
  {
    "name": "Origin",
    "author": "Ha'ani Whitlock",
    "repo": "Bluemoondragon07/Obsidian-Origin",
    "screenshot": "origin.png",
    "modes": ["dark", "light"]
  },
  {
    "name": "Covert",
    "author": "Schrunchee",
    "repo": "schrunchee/obsidian-covert-theme",
    "screenshot": "obsidian_covert_theme_sm3.jpg",
    "modes": ["dark"]
  },
  {
    "name": "Dracula Plus",
    "author": "saket",
    "repo": "saket61195/Dracula_obsidian_theme",
    "screenshot": "demo1.png",
    "modes": ["dark"]
  },
  {
    "name": "SALEM",
    "author": "Salem Elatar",
    "repo": "SalemElatar/salem-obsidian-theme",
    "screenshot": "screenshot.png",
    "modes": ["dark", "light"]
  },
  {
    "name": "Feather",
    "author": "zfmohammed",
    "repo": "zfmohammed/obsidian-feather",
    "screenshot": "assets/Screenshot.png",
    "modes": ["dark"]
  },
  {
    "name": "Comfort Dark",
    "author": "Ooopz",
    "repo": "Ooopz/obsidianmd-theme-comfort-dark",
    "screenshot": "screenshot.png",
    "modes": ["dark"]
  },
  {
    "name": "Simple",
    "author": "Diego Eis",
    "repo": "diegoeis/simple-obsidian",
    "screenshot": "cover.png",
    "modes": ["dark", "light"]
  },
  {
    "name": "Comfort",
    "author": "Carrie999",
    "repo": "Carrie999/comfort",
    "screenshot": "screenshot.png",
    "modes": ["light"]
  },
  {
    "name": "NotSwift",
    "author": "David Roos",
    "repo": "davidjroos/obsidian-notswift",
    "screenshot": "screenie.png",
    "modes": ["dark", "light"]
  },
  {
    "name": "Neo",
    "author": "ABDO",
    "repo": "x0aa7i/obsidian-neo",
    "screenshot": "cover.png",
    "modes": ["dark", "light"]
  },
  {
    "name": "Vanilla AMOLED",
    "author": "Sakura Akeno Isayeki",
    "repo": "SakuraIsayeki/vanilla-amoled-theme",
    "screenshot": "sample-screenshot-sm.png",
    "modes": ["dark"]
  },
  {
    "name": "Qlean",
    "author": "Fro-Q",
    "repo": "Fro-Q/Qlean",
    "screenshot": "assets/Qlean.png",
    "modes": ["dark", "light"]
  },
  {
    "name": "Aura Dark",
    "author": "ProbablyNot",
    "repo": "possibly-not/obsidian-aura-theme",
    "screenshot": "img/aura_dark_diagonal.png",
    "modes": ["dark"]
  },
  {
    "name": "Serika",
    "author": "Warrobot10",
    "repo": "Warrobot10/Serika-for-obsidian",
    "screenshot": "Serika.png",
    "modes": ["dark", "light"]
  },
  {
    "name": "Autotape",
    "author": "Delphi",
    "repo": "1612elphi/autotape-theme",
    "screenshot": "Screen.png",
    "modes": ["dark", "light"]
  },
  {
    "name": "LaTeX",
    "author": "Ben @ phooey.foo",
    "repo": "benf2004/Obsidian-LaTeX-Theme",
    "screenshot": "screenshots/preview.png",
    "modes": ["dark", "light"]
  },
  {
    "name": "halcyon",
    "author": "dbarenholz",
    "repo": "dbarenholz/halcyon-obsidian",
    "screenshot": "img/halcyon-banner-small.png",
    "modes": ["dark"]
  },
  {
    "name": "monochroYOU",
    "author": "GuiMar10",
    "repo": "GuiMar10/monochroYou",
    "screenshot": "screenshot.png",
    "modes": ["dark", "light"]
  },
  {
    "name": "Flexoki",
    "author": "kepano",
    "repo": "kepano/flexoki-obsidian",
    "screenshot": "cover-small.png",
    "modes": ["dark", "light"]
  },
  {
    "name": "Green Nightmare",
    "author": "prradox",
    "repo": "prradox/green-nightmare",
    "screenshot": "screenshot.png",
    "modes": ["dark"]
  },
  {
    "name": "Transient",
    "author": "GeorgeAzma",
    "repo": "GeorgeAzma/Transient",
    "screenshot": "theme.png",
    "modes": ["dark"]
  },
  {
    "name": "Kakano",
    "author": "Isaac Freeman",
    "repo": "isaacfreeman/kakano-obsidian-theme",
    "screenshot": "screenshot.png",
    "modes": ["dark", "light"]
  },
  {
    "name": "EvilRed",
    "author": "Atmanand Gauns",
    "repo": "tu2-atmanand/EvilRed-ObsidianTheme",
    "screenshot": "Thumbnail.png",
    "modes": ["dark"]
  },
  {
    "name": "Prussian Blue",
    "author": "EddieTheEd",
    "repo": "EddieTheEd/Prussian-Blue",
    "screenshot": "assets/thumbnail.png",
    "modes": ["dark"]
  },
  {
    "name": "Zario",
    "author": "Ricardo Nazario",
    "repo": "nazarioricardo/zario-obsidian",
    "screenshot": "screenshot.png",
    "modes": ["light", "dark"]
  },
  {
    "name": "Perso",
    "author": "Behrouze",
    "repo": "behrouze/obsidian-theme",
    "screenshot": "screenshots/theme-perso-obsidian.png",
    "modes": ["light"]
  },
  {
    "name": "Heboric",
    "author": "nhrrs",
    "repo": "nhrrs/heboric-obsidian",
    "screenshot": "screenshots/Heboric-screenshot-sm2.png",
    "modes": ["light", "dark"]
  },
  {
    "name": "Vicious",
    "author": "Zaher Al Majed",
    "repo": "zaheralmajed/vicious-theme-obsidian",
    "screenshot": "screenshot.png",
    "modes": ["light", "dark"]
  },
  {
    "name": "Spring",
    "author": "Mateus Derossi",
    "repo": "MateusHenriquegringo/spring-theme-obsidian",
    "screenshot": "SPRING.png",
    "modes": ["dark", "light"]
  },
  {
    "name": "Celestial Night",
    "author": "Ha'ani Whitlock",
    "repo": "Bluemoondragon07/Obsidian-Celestial-Night-Theme",
    "screenshot": "assets/low-res.png",
    "modes": ["dark"]
  },
  {
    "name": "Ros\u00e9 Pine",
    "author": "sspaeti",
    "repo": "sspaeti/obsidian_rose_pine",
    "screenshot": "dark.jpg",
    "modes": ["dark", "light"]
  },
  {
    "name": "Carbon",
    "author": "V.H. Belvadi",
    "repo": "vhbelvadi/obsidian-carbon",
    "screenshot": "obsidian-screenshot-small.png",
    "modes": ["dark", "light"]
  },
  {
    "name": "Phoenix",
    "author": "RyzenFromFire",
    "repo": "RyzenFromFire/obsidian-phoenix",
    "screenshot": "thumbnail.png",
    "modes": ["dark", "light"]
  },
  {
    "name": "Garden Gnome (Adwaita, GTK)",
    "author": "oqipo",
    "repo": "oqipoDev/garden-gnome-obsidian",
    "screenshot": "img/thumb.png",
    "modes": ["dark", "light"]
  },
  {
    "name": "Monokai",
    "author": "bitSchleuder",
    "repo": "bitSchleuder/obsidian-monokai-theme",
    "screenshot": "assets/monokai-obsidian-theme-thumbnail.png",
    "modes": ["dark", "light"]
  },
  {
    "name": "Ethereon",
    "author": "rohit04saluja",
    "repo": "ethereontheme/obsidian",
    "screenshot": "screenshots/dark.png",
    "modes": ["dark", "light"]
  },
  {
    "name": "Tomorrow",
    "author": "deudz",
    "repo": "deudz/obsidian-tomorrow-theme",
    "screenshot": "res/thumb.png",
    "modes": ["dark"]
  },
  {
    "name": "Nightfox",
    "author": "mbromell",
    "repo": "markmacode/obsidian-nightfox",
    "screenshot": "thumbnail.png",
    "modes": ["dark", "light"]
  },
  {
    "name": "Novadust",
    "author": "marta.stl",
    "repo": "mmartamg/novadust-obsidian",
    "screenshot": "novadust-img.png",
    "modes": ["dark"]
  },
  {
    "name": "Pure",
    "author": "Lychi",
    "repo": "lychileng/Obsidian-Theme-Pure",
    "screenshot": "screenshots/cover.png",
    "modes": ["dark", "light"]
  },
  {
    "name": "Prime",
    "author": "Eda",
    "repo": "rivea0/obsidian-prime",
    "screenshot": "screenshot.png",
    "modes": ["dark", "light"]
  },
  {
    "name": "Arcane",
    "author": "xRyul",
    "repo": "xRyul/obsidian-arcane-theme",
    "screenshot": "Arcane_sample_01.jpg",
    "modes": ["dark"]
  },
  {
    "name": "MistyMauve",
    "author": "RaveSplash",
    "repo": "RaveSplash/obsidian-misty-mauve",
    "screenshot": "dark.jpg",
    "modes": ["dark", "light"]
  },
  {
    "name": "Sea Glass",
    "author": "Kyle Stewart",
    "repo": "KStew1017/obsidian-sea-glass-theme",
    "screenshot": "sea-glass-preview.png",
    "modes": ["dark"]
  },
  {
    "name": "Improved Potato",
    "author": "Dominik Meurer",
    "repo": "DMeurer/improved-potato",
    "screenshot": "images/image2.png",
    "modes": ["dark", "light"]
  },
  {
    "name": "Neovim",
    "author": "slavamak",
    "repo": "slavafyi/obsidian-neovim",
    "screenshot": "screenshot.png",
    "modes": ["dark", "light"]
  },
  {
    "name": "Sparkling Day",
    "author": "Isax785",
    "repo": "isax785/obsidian-sparkling-day",
    "screenshot": "img/sparkling_day_small.png",
    "modes": ["light"]
  },
  {
    "name": "mono black (monochrome, charcoal)",
    "author": "ZeChArtiahSaher",
    "repo": "ZeChArtiahSaher/obsidian-mono-black",
    "screenshot": "img/screen-1.png",
    "modes": ["dark"]
  },
  {
    "name": "Tom's Theme",
    "author": "Tom Kay",
    "repo": "tomkaygames/Tom-s-Theme",
    "screenshot": "screenshot.png",
    "modes": ["dark", "light"]
  },
  {
    "name": "Soloing",
    "author": "Isax785",
    "repo": "isax785/obsidian-soloing",
    "screenshot": "img/soloing_small.png",
    "modes": ["dark", "light"]
  },
  {
    "name": "Reshi",
    "author": "Laney Elizabeth",
    "repo": "contrapasso3/Reshi",
    "screenshot": "Reshi Preview.png",
    "modes": ["dark", "light"]
  },
  {
    "name": "Focus",
    "author": "Moritz Jung",
    "repo": "mProjectsCode/obsidian-focus-theme",
    "screenshot": "FocusThemeImage.png",
    "modes": ["dark"]
  },
  {
    "name": "Nordic",
    "author": "Nato",
    "repo": "natowb/obsidian-nordic",
    "screenshot": "obsidian-nordic.png",
    "modes": ["dark", "light"]
  },
  {
    "name": "Tiniri",
    "author": "Vlad.studio",
    "repo": "vladstudio/tiniri-obsidian",
    "screenshot": "screenshot.png",
    "modes": ["dark", "light"]
  },
  {
    "name": "Kurokula",
    "author": "indyandie",
    "repo": "Indyandie/kurokula-obsidian-theme",
    "screenshot": "dark.png",
    "modes": ["dark"]
  },
  {
    "name": "Apex",
    "author": "clearlysid",
    "repo": "clearlysid/apex",
    "screenshot": "preview.png",
    "modes": ["dark", "light"]
  },
  {
    "name": "Poimandres",
    "author": "Diego Espinosa",
    "repo": "yoGhastly/poimandres-obsidian",
    "screenshot": "dark.png",
    "modes": ["dark"]
  },
  {
    "name": "Eldritch",
    "author": "Eldritch",
    "repo": "eldritch-theme/obsidian",
    "screenshot": "eldritch.png",
    "modes": ["dark"]
  },
  {
    "name": "Soothe",
    "author": "AwesomeDog",
    "repo": "AwesomeDog/obsidian-soothe",
    "screenshot": "preview.png",
    "modes": ["dark", "light"]
  },
  {
    "name": "Sandover",
    "author": "eliz-abeth",
    "repo": "eliz-abeth/sandover",
    "screenshot": "/images/sandover-plain.png",
    "modes": ["light", "dark"]
  },
  {
    "name": "Dunite",
    "author": "Ch0live",
    "repo": "Ch0live/dunite",
    "screenshot": "dunite-icon.png",
    "modes": ["dark", "light"]
  },
  {
    "name": "Virgo",
    "author": "Jack Liu",
    "repo": "loveminimal/obsidian-theme-virgo",
    "screenshot": "assets/screenshot.png",
    "modes": ["dark", "light"]
  },
  {
    "name": "Penumbra",
    "author": "Josef Bisits",
    "repo": "jbisits/penumbra-obsidian-theme",
    "screenshot": "screenshot_light.png",
    "modes": ["dark", "light"]
  },
  {
    "name": "Trace Labs",
    "author": "Trace Labs",
    "repo": "humandecoded/Trace-Labs-Obsidian-Theme",
    "screenshot": "screenshot.png",
    "modes": ["dark"]
  },
  {
    "name": "W95",
    "author": "phchnag",
    "repo": "phchang/W95",
    "screenshot": "w95.png",
    "modes": ["light", "dark"]
  },
  {
    "name": "Sanctum reborn",
    "author": "Anto Kein\u00e4nen",
    "repo": "antoKeinanen/obsidian-sanctum-reborn",
    "screenshot": "cover.png",
    "modes": ["dark", "light"]
  },
  {
    "name": "Spectrum Blue",
    "author": "ryanjrman",
    "repo": "SandmansDreams/Spectrum-Blue",
    "screenshot": "SpectrumBluePreview.png",
    "modes": ["dark"]
  },
  {
    "name": "Cobalt Peacock",
    "author": "dpavaoman",
    "repo": "dpavaoman/cobalt-peacock-obmd",
    "screenshot": "screenshot.png",
    "modes": ["dark"]
  },
  {
    "name": "Lorens",
    "author": "Lorens Osman",
    "repo": "lorens-osman-dev/Lorens-Obsidian-Theme",
    "screenshot": "cover.png",
    "modes": ["dark"]
  },
  {
    "name": "Rift",
    "author": "Noah Boos",
    "repo": "NoahBoos/obsidian-rift",
    "screenshot": "showcase-temporaire.png",
    "modes": ["dark", "light"]
  },
  {
    "name": "Blossom",
    "author": "BlossomTheme",
    "repo": "BlossomTheme/Obsidian",
    "screenshot": "screenshot01.png",
    "modes": ["dark"]
  },
  {
    "name": "Space",
    "author": "BHappen",
    "repo": "bhappen/obsidian-space",
    "screenshot": "obsidian-space.png",
    "modes": ["dark"]
  },
  {
    "name": "Neon Synthwave",
    "author": "Grant Smith",
    "repo": "grjsmith/Neon-Synthwave",
    "screenshot": "screenshot.jpg",
    "modes": ["dark"]
  },
  {
    "name": "Vauxhall",
    "author": "CyanVoxel",
    "repo": "CyanVoxel/vauxhall-obsidian",
    "screenshot": "cover.png",
    "modes": ["dark", "light"]
  },
  {
    "name": "Allium",
    "author": "Nullglyph",
    "repo": "xainapse/Allium",
    "screenshot": "AlliumScreenshot.png",
    "modes": ["dark", "light"]
  },
  {
    "name": "Pale - \u6de1",
    "author": "Elhary",
    "repo": "Elhary/obsidian-Pale",
    "screenshot": "screenshot.png",
    "modes": ["dark", "light"]
  },
  {
    "name": "Creme brulee",
    "author": "Anareaty",
    "repo": "anareaty/creme-brulee-obsidian-theme",
    "screenshot": "screenshot.png",
    "modes": ["dark", "light"]
  },
  {
    "name": "Dynamic Color",
    "author": "Rody Davis",
    "repo": "rodydavis/obsidian-dynamic-color",
    "screenshot": "screenshots/light-purple.png",
    "modes": ["dark", "light"]
  },
  {
    "name": "Dark Castle",
    "author": "scottgriv",
    "repo": "scottgriv/Dark-Castle-Obsidian",
    "screenshot": "screenshot-small.png",
    "modes": ["dark"]
  },
  {
    "name": "RetroNotes",
    "author": "Sr.Campelo",
    "repo": "sr-campelo/retronotes",
    "screenshot": "cover.jpg",
    "modes": ["dark", "light"]
  },
  {
    "name": "Bossidian",
    "author": "BossElijah",
    "repo": "BossElijah/bossidian",
    "screenshot": "images/image-1-small.png",
    "modes": ["dark"]
  },
  {
    "name": "Aurora-Twilight",
    "author": "Quintavalle Pietro",
    "repo": "Quinta0/Aurora-Twilight",
    "screenshot": "image-small.png",
    "modes": ["dark", "light"]
  },
  {
    "name": "Evergreen-Shadow",
    "author": "Quinta0",
    "repo": "Quinta0/Evergreen-Shadow",
    "screenshot": "Evergreen-Shadow-small.png",
    "modes": ["dark"]
  },
  {
    "name": "Velvet-Moon",
    "author": "Quinta0",
    "repo": "Quinta0/Velvet-Moon",
    "screenshot": "Velvet-Moon-small.png",
    "modes": ["dark"]
  },
  {
    "name": "Midnight-Fjord",
    "author": "Quinta0",
    "repo": "Quinta0/Midnight-Fjord",
    "screenshot": "Midnight-Fjord-small.png",
    "modes": ["dark"]
  },
  {
    "name": "Mint-Breeze",
    "author": "Quinta0",
    "repo": "Quinta0/Mint-Breeze",
    "screenshot": "Mint-Breeze-small.png",
    "modes": ["light"]
  },
  {
    "name": "Lavender-Mist",
    "author": "Quinta0",
    "repo": "Quinta0/Lavender-Mist",
    "screenshot": "Lavender-Mist-small.png",
    "modes": ["light"]
  },
  {
    "name": "Northern-Sky",
    "author": "Quinta0",
    "repo": "Quinta0/Northern-Sky",
    "screenshot": "Northern-Sky-small.png",
    "modes": ["light"]
  },
  {
    "name": "Seamless View",
    "author": "Gustavo Salgado",
    "repo": "GustavoSZ124/Obsidian-Theme-Seamless-View",
    "screenshot": "assets/Seamless View.png",
    "modes": ["dark", "light"]
  },
  {
    "name": "Gummy-Revived",
    "author": "WinnerWind",
    "repo": "WinnerWind/gummy-revived",
    "screenshot": "screenshot.png",
    "modes": ["dark", "light"]
  },
  {
    "name": "Agate",
    "author": "solmi",
    "repo": "solm0/Agate",
    "screenshot": "agate_screenshot.png",
    "modes": ["light"]
  },
  {
    "name": "Vanilla Palettes",
    "author": "GnRlLeclerc",
    "repo": "GnRlLeclerc/Vanilla-Theme-Palettes",
    "screenshot": "thumbnail.png",
    "modes": ["light", "dark"]
  },
  {
    "name": "Dark Clarity",
    "author": "chenbihao",
    "repo": "chenbihao/obsidian-theme-dark-clarity",
    "screenshot": "screenshot.png",
    "modes": ["dark", "light"]
  },
  {
    "name": "Nier",
    "author": "exloseur3d",
    "repo": "exloseur3d/nier-theme",
    "screenshot": "preview_Nier_theme.png",
    "modes": ["dark"]
  },
  {
    "name": "DarkEmber",
    "author": "miz",
    "repo": "miz-i/Obsidian-theme-DarkEmber",
    "screenshot": "images/screenshot.png",
    "modes": ["dark", "light"]
  },
  {
    "name": "Pxld",
    "author": "Lina674",
    "repo": "Lina674/Pxld-Obsidian-Theme",
    "screenshot": "merged_diagonal_resized.png",
    "modes": ["dark", "light"]
  },
  {
    "name": "chiaroscuroflow",
    "author": "Quinta0",
    "repo": "Quinta0/chiaroscuroflow",
    "screenshot": "cover.png",
    "modes": ["light", "dark"]
  },
  {
    "name": "Muted-Blue",
    "author": "HasanTheSyrian",
    "repo": "HasanTheSyrian/Muted-Blue-Obsidian",
    "screenshot": "preview.png",
    "modes": ["dark"]
  },
  {
    "name": "Oreo",
    "author": "carols12352",
    "repo": "carols12352/Oreo-theme",
    "screenshot": "images/thumbnail.png",
    "modes": ["light", "dark"]
  },
  {
    "name": "Brainhack",
    "author": "Spekulucius",
    "repo": "Spekulucius/obsidian-brainhack",
    "screenshot": "preview.png",
    "modes": ["light", "dark"]
  },
  {
    "name": "nobb",
    "author": "buluw",
    "repo": "buluw/nobb-obsidian",
    "screenshot": "nobb-obtheme.jpg",
    "modes": ["dark"]
  },
  {
    "name": "Vanilla AMOLED Color",
    "author": "sskki",
    "repo": "Sskki-exe/vanilla-amoled-theme-color",
    "screenshot": "sample-screenshot-sm.png",
    "modes": ["dark"]
  },
  {
    "name": "Abate",
    "author": "ricedev10",
    "repo": "ricedev10/Abate-theme",
    "screenshot": "ScreenshotPreview.png",
    "modes": ["light"]
  },
  {
    "name": "Shade Sanctuary",
    "author": "Elevict",
    "repo": "Elevict/Shade-Sanctuary",
    "screenshot": "cover.png",
    "modes": ["dark", "light"]
  },
  {
    "name": "Underwater",
    "author": "Seniblue",
    "repo": "Seniblue/Underwater",
    "screenshot": "uw.png",
    "modes": ["dark", "light"]
  },
  {
    "name": "Kiwi Mono",
    "author": "c-sooyoung",
    "repo": "c-sooyoung/kiwi-mono-obsidian-theme",
    "screenshot": "thumbnail.png",
    "modes": ["dark", "light"]
  },
  {
    "name": "Lumines",
    "author": "Daniel Khmara",
    "repo": "danielkhmara/obsidian-lumines",
    "screenshot": "obsidian-lumines.png",
    "modes": ["dark", "light"]
  },
  {
    "name": "Colored Candy",
    "author": "Erika Gozar",
    "repo": "Erallie/colored-candy",
    "screenshot": "colored-candy-thumbnail.png",
    "modes": ["dark", "light"]
  },
  {
    "name": "Adrenaline",
    "author": "Spekulucius",
    "repo": "Spekulucius/obsidian-adrenaline",
    "screenshot": "adrenaline_thumbnail.png",
    "modes": ["dark", "light"]
  },
  {
    "name": "OISTNB",
    "author": "omsandeeppatil",
    "repo": "omsandippatil/OISTNB",
    "screenshot": "OISTNB.png",
    "modes": ["dark", "light"]
  },
  {
    "name": "Black",
    "author": "Simon Ostini (behem0th)",
    "repo": "b3h3m0th/black-obsidian-theme",
    "screenshot": "screenshot_512x275.png",
    "modes": ["dark"]
  },
  {
    "name": "Refined Default",
    "author": "Faisal Tamano Jr.",
    "repo": "FaisalTamanoJr/Refined-Default",
    "screenshot": "banner.png",
    "modes": ["dark", "light"]
  },
  {
    "name": "Rose Red",
    "author": "Atmanand Gauns",
    "repo": "tu2-atmanand/RoseRed-ObsidianTheme",
    "screenshot": "Thumbnail.png",
    "modes": ["dark"]
  },
  {
    "name": "Minimal Edge",
    "author": "Elhary",
    "repo": "Elhary/Obsidian-Minimal-Edge",
    "screenshot": "minimal-edge.png",
    "modes": ["dark", "light"]
  },
  {
    "name": "AMOLED Serenity",
    "author": "Darth Demono",
    "repo": "darthdemono/AMOLED-Serenity",
    "screenshot": "AMOLED-Serenity-sm.png",
    "modes": ["dark"]
  },
  {
    "name": "Hackthebox",
    "author": "Golam",
    "repo": "golam71/obsidian-hackthebox",
    "screenshot": "dark.png",
    "modes": ["dark", "light"]
  },
  {
    "name": "Transparent",
    "author": "Oczko24",
    "repo": "Oczko24/Obsidian-transparent",
    "screenshot": "cover.png",
    "modes": ["dark", "light"]
  },
  {
    "name": "Lagom",
    "author": "LeslyeCream",
    "repo": "LeslyeCream/Lagom-Obsidian-Theme",
    "screenshot": "IMG_20241009_134537.jpg",
    "modes": ["dark", "light"]
  },
  {
    "name": "Simply Colorful",
    "author": "Lorenzo Pegorari",
    "repo": "LorenzoPegorari/SimplyColorful",
    "screenshot": "preview.png",
    "modes": ["dark", "light"]
  },
  {
    "name": "OneNice",
    "author": "S.Sunhaloo - P.Roy",
    "repo": "Sunhaloo/OneNice",
    "screenshot": "OneNice.png",
    "modes": ["dark", "light"]
  },
  {
    "name": "Fancy-a-Story",
    "author": "Kapirklaa",
    "repo": "ElsaTam/obsidian-fancy-a-story",
    "screenshot": "overview-mini.png",
    "modes": ["dark", "light"]
  },
  {
    "name": "Flexoki Warm",
    "author": "ofalvai",
    "repo": "ofalvai/flexoki-warm",
    "screenshot": "screenshots/cover-small.png",
    "modes": ["dark", "light"]
  },
  {
    "name": "evangelion",
    "author": "xero",
    "repo": "xero/evangelion.obsidian",
    "screenshot": "preview.png",
    "modes": ["dark"]
  },
  {
    "name": "Borealis",
    "author": "Juanchi Parra",
    "repo": "juanchiparra/obsidian-borealis",
    "screenshot": "docs/dark-cover.png",
    "modes": ["dark", "light"]
  },
  {
    "name": "Red-Shadow",
    "author": "DKLiberty",
    "repo": "DKLiberty/Red-Shadow",
    "screenshot": "Resources/Screenshot.png",
    "modes": ["dark"]
  },
  {
    "name": "Shadeflow",
    "author": "Artorias",
    "repo": "artorias305/obsidian-shadeflow",
    "screenshot": "dark.png",
    "modes": ["dark", "light"]
  },
  {
    "name": "Orange",
    "author": "Alex F",
    "repo": "afrangi/Obsidian-Theme-Orange",
    "screenshot": "screenshot.png",
    "modes": ["dark", "light"]
  },
  {
    "name": "Winter Spices",
    "author": "incantatem2",
    "repo": "incantatem2/Obsidian-winter-spices",
    "screenshot": "images/winterspices-thumbnail.jpg",
    "modes": ["light"]
  },
  {
    "name": "Consolas",
    "author": "Pinei",
    "repo": "pinei/obsidian-consolas-theme",
    "screenshot": "screenshot.png",
    "modes": ["dark"]
  },
  {
    "name": "Neutral Academia",
    "author": "incantatem2",
    "repo": "incantatem2/Obsidian-neutral-academia",
    "screenshot": "images/neutralacademia-dark-thumbnail.jpg",
    "modes": ["dark", "light"]
  },
  {
    "name": "Ink",
    "author": "harmtemolder",
    "repo": "harmtemolder/obsidian-ink",
    "screenshot": "screenshot.png",
    "modes": ["light"]
  },
  {
    "name": "Frost",
    "author": "drkpxl",
    "repo": "drkpxl/Frost",
    "screenshot": "screenshot.png",
    "modes": ["dark", "light"]
  },
  {
    "name": "Glass Robo",
    "author": "Lorens Osman",
    "repo": "lorens-osman-dev/Glass-Robo",
    "screenshot": "cover.png",
    "modes": ["dark", "light"]
  },
  {
    "name": "Mulled Wine",
    "author": "incantatem2",
    "repo": "incantatem2/Obsidian-mulled-wine",
    "screenshot": "images/mulledwine-thumbnail.jpg",
    "modes": ["dark", "light"]
  },
  {
    "name": "Vortex",
    "author": "abhimangs",
    "repo": "abhimangs/obsidian-vortex",
    "screenshot": "cover.png",
    "modes": ["dark", "light"]
  },
  {
    "name": "Kanagawa Paper",
    "author": "sspaeti",
    "repo": "sspaeti/obsidian_kanagawa_paper",
    "screenshot": "dark.jpg",
    "modes": ["dark", "light"]
  },
  {
    "name": "OverCast",
    "author": "IxBlazarxI",
    "repo": "IxBlazarxI/Obsidian-Theme-OverCast",
    "screenshot": "Thumbnail.jpg",
    "modes": ["dark"]
  },
  {
    "name": "Sakurajima",
    "author": "Daiki Nakashima",
    "repo": "Daiki48/sakurajima.obsidian",
    "screenshot": "screenshots/cover.png",
    "modes": ["dark"]
  },
  {
    "name": "Cupertino",
    "author": "Alexis C",
    "repo": "aaaaalexis/obsidian-cupertino",
    "screenshot": "cupertino.png",
    "modes": ["dark", "light"]
  },
  {
    "name": "Emerald Echo",
    "author": "Malcolm Mielle",
    "repo": "MalcolmMielle/Emerald-Echo",
    "screenshot": "screenshot.png",
    "modes": ["dark", "light"]
  },
  {
    "name": "Playground",
    "author": "Ezben",
    "repo": "benjaminezequiel/playground-theme",
    "screenshot": "theme_preview.png",
    "modes": ["dark", "light"]
  },
  {
    "name": "Minimal Dracula",
    "author": "Druxorey",
    "repo": "druxorey/minimal-dracula-for-obsidian",
    "screenshot": "resources/cover.png",
    "modes": ["dark", "light"]
  },
  {
    "name": "Ukiyo",
    "author": "kinmury, Technerium",
    "repo": "technerium/obsidian-ukiyo",
    "screenshot": "screenshot.png",
    "modes": ["dark", "light"]
  },
  {
    "name": "Zen",
    "author": "laughmaker",
    "repo": "laughmaker/Zen",
    "screenshot": "cover.png",
    "modes": ["dark", "light"]
  },
  {
    "name": "OLED.Black",
    "author": "Inc44",
    "repo": "Inc44/OLED.Black",
    "screenshot": "screenshot.png",
    "modes": ["dark"]
  },
  {
    "name": "Sei",
    "author": "iwa",
    "repo": "iwa/Sei",
    "screenshot": "assets/thumbnail.jpg",
    "modes": ["dark", "light"]
  },
  {
    "name": "Sunbather",
    "author": "babidisrc",
    "repo": "babidisrc/obsidian-sunbather",
    "screenshot": "thumbnail.png",
    "modes": ["dark", "light"]
  },
  {
    "name": "Minimal Red",
    "author": "AfonsoMiranda02",
    "repo": "AfonsoMiranda02/MinimalRed-Obsidian-Theme",
    "screenshot": "cover.png",
    "modes": ["dark"]
  },
  {
    "name": "Rose Pine",
    "author": "JTrenerry ",
    "repo": "rose-pine/obsidian",
    "screenshot": "thumbnail.png",
    "modes": ["dark", "light"]
  },
  {
    "name": "Composer",
    "author": "vran",
    "repo": "vran-dev/obsidian-composer",
    "screenshot": "screenshot.png",
    "modes": ["dark", "light"]
  },
  {
    "name": "Old World",
    "author": "Double Tilde",
    "repo": "double-tilde/old-world-obsidian",
    "screenshot": "images/screenshot.png",
    "modes": ["dark"]
  },
  {
    "name": "Material 3",
    "author": "HarmfulBreeze",
    "repo": "HarmfulBreeze/obsidian-material-3-theme",
    "screenshot": "screenshot.png",
    "modes": ["dark", "light"]
  },
  {
    "name": "Serif",
    "author": "agodlyman",
    "repo": "GodlyMan-bit/Serif",
    "screenshot": "screenshot.png",
    "modes": ["dark", "light"]
  },
  {
    "name": "Sad Machine Druid",
    "author": "Halftroll0",
    "repo": "Halftroll0/Sad-Machine-Druid",
    "screenshot": "sad_machine_druid_screenshot_v1.jpg",
    "modes": ["dark", "light"]
  },
  {
    "name": "flexcyon",
    "author": "bladeacer",
    "repo": "bladeacer/flexcyon",
    "screenshot": "/docs/dark.png",
    "modes": ["dark", "light"]
  },
  {
    "name": "Retro Windows",
    "author": "codeisconfusing",
    "repo": "codeisconfusing/retro-windows-obsidian",
    "screenshot": "screenshot.png",
    "modes": ["dark", "light"]
  },
  {
    "name": "LessWrong",
    "author": "henry",
    "repo": "outsidetext/lesswrong-obsidian",
    "screenshot": "preview.png",
    "modes": ["dark", "light"]
  },
  {
    "name": "Vercel Geist",
    "author": "en3sis",
    "repo": "en3sis/vercel-obsidian",
    "screenshot": "assets/vercel-obsidian-small.png",
    "modes": ["dark", "light"]
  },
  {
    "name": "aged whisky",
    "author": "incantatem2",
    "repo": "incantatem2/Obsidian-aged-whisky",
    "screenshot": "images/aged-whisky-thumbnail.jpg",
    "modes": ["dark"]
  },
  {
    "name": "FastPpuccin",
    "author": "LostViking09",
    "repo": "LostViking09/obsidian-fastppuccin",
    "screenshot": "theme_image.png",
    "modes": ["dark", "light"]
  },
  {
    "name": "Minimal-Dark-Coder",
    "author": "Krishna Sen",
    "repo": "Krishna-Sen-Programming-World/Minimal-Dark-Coder",
    "screenshot": "images/image.jpg",
    "modes": ["dark"]
  },
  {
    "name": "Things 3",
    "author": "Paralloid",
    "repo": "MrParalloid/obsidian-things",
    "screenshot": "things-screenshot.jpg",
    "modes": ["dark", "light"]
  },
  {
    "name": "Enhanced file explorer tree",
    "author": "LennZone",
    "repo": "LennZone/enhanced-file-explorer-tree",
    "screenshot": "thumbnail.png",
    "modes": ["dark", "light"]
  },
  {
    "name": "Planetary",
    "author": "ninetyfive666",
    "repo": "ninetyfive666/Planetary",
    "screenshot": "thumbnail.jpg",
    "modes": ["dark", "light"]
  },
  {
    "name": "Neumorphism",
    "author": "LennZone",
    "repo": "LennZone/Neumorphism",
    "screenshot": "thumbnail.png",
    "modes": ["dark", "light"]
  },
  {
    "name": "Camena",
    "author": "Bee",
    "repo": "splendidissimemendax/Camena",
    "screenshot": "Thumbnail.png",
    "modes": ["dark", "light"]
  },
  {
    "name": "Pomme Notes",
    "author": "Paralloid",
    "repo": "MrParalloid/pomme-notes",
    "screenshot": "images/screenshot.jpg",
    "modes": ["dark", "light"]
  },
  {
    "name": "deep submerge",
    "author": "incantatem2",
    "repo": "incantatem2/Obsidian-deep-submerge",
    "screenshot": "images/deep-submerge-thumbnail.jpg",
    "modes": ["dark"]
  },
  {
    "name": "Mono High Contrast",
    "author": "manuelcoca",
    "repo": "manuelcoca/obsidian-mono-high-contrast-theme",
    "screenshot": "assets/thumbnail.png",
    "modes": ["dark", "light"]
  },
  {
    "name": "Publisher",
    "author": "aidanastridge",
    "repo": "aidanastridge/Publisher",
    "screenshot": "src/thumbnail.png",
    "modes": ["dark", "light"]
  },
  {
    "name": "Ribbons",
    "author": "ddspog",
    "repo": "ddspog/obsidian-ribbons-theme",
    "screenshot": "screenshot.png",
    "modes": ["dark", "light"]
  },
  {
    "name": "TerraFlow",
    "author": "fabdub",
    "repo": "dubefab/obsidian-TerraFlow",
    "screenshot": "Terraflow-cover.png",
    "modes": ["dark", "light"]
  },
  {
    "name": "RetroOS 98",
    "author": "ThePharaohArt",
    "repo": "ThePharaohArt/Obsidian-RetroOS98",
    "screenshot": "screen.png",
    "modes": ["dark", "light"]
  },
  {
    "name": "Quillcode",
    "author": "theaayushpatel",
    "repo": "theaayushpatel/quillcode",
    "screenshot": "assets/dark-screenshot.png",
    "modes": ["dark", "light"]
  },
  {
    "name": "Myst",
    "author": "mulder3062",
    "repo": "mulder3062/Myst",
    "screenshot": "screenshot.png",
    "modes": ["dark", "light"]
  },
  {
    "name": "Soli Deo Gloria",
    "author": "agodlyman",
    "repo": "GodlyMan-bit/SoliDeoGloria",
    "screenshot": "screenshot.png",
    "modes": ["dark", "light"]
  },
  {
    "name": "Hojicha",
    "author": "pr0methevs",
    "repo": "pr0methevs/Hojicha",
    "screenshot": "assets/thumbnail.png",
    "modes": ["dark"]
  },
  {
    "name": "Marathon",
    "author": "Spekulucius",
    "repo": "Spekulucius/obsidian-marathon",
    "screenshot": "preview.png",
    "modes": ["dark", "light"]
  },
  {
    "name": "Handwriting (Kalam)",
    "author": "Kumar Anurag",
    "repo": "kmranrg/obsidian-handwriting-theme",
    "screenshot": "screenshot.png",
    "modes": ["light"]
  },
  {
    "name": "Vesper",
    "author": "omarrashad",
    "repo": "omarrashad/obsidian-vesper",
    "screenshot": "assets/cover.png",
    "modes": ["dark", "light"]
  },
  {
    "name": "Powered by Lancer",
    "author": "SourTarte",
    "repo": "SourTarte/Powered-By-Lancer",
    "screenshot": "PoweredByLancer-Icon.png",
    "modes": ["dark", "light"]
  },
  {
    "name": "Terminal2K",
    "author": "isax785",
    "repo": "isax785/Terminal2K",
    "screenshot": "img/screenshot.png",
    "modes": ["dark", "light"]
  },
  {
    "name": "Meridian",
    "author": "mvahaste",
    "repo": "mvahaste/meridian",
    "screenshot": "preview.png",
    "modes": ["dark", "light"]
  },
  {
    "name": "Modern GenZ Vibedose",
    "author": "Omkar Iyer",
    "repo": "omkar-4/Modern-GenZ-Vibedose",
    "screenshot": "screenshot.png",
    "modes": ["dark", "light"]
  },
  {
    "name": "Duality",
    "author": "CacadeThemes",
    "repo": "CascadeThemes/Duality",
    "screenshot": "screenshot.png",
    "modes": ["dark", "light"]
  },
  {
    "name": "Minimalists Paradise",
    "author": "Isabelle Basso",
    "repo": "bellebasso/Minimalists-Paradise",
    "screenshot": "screenshot.png",
    "modes": ["dark", "light"]
  },
  {
    "name": "dashboard",
    "author": "incantatem2",
    "repo": "incantatem2/Obsidian-dashboard",
    "screenshot": "images/thumbnail.jpg",
    "modes": ["light"]
  },
  {
    "name": "SpectrumPlus",
    "author": "Jo\u00e3o Ribeiro",
    "repo": "anotherlusitano/SpectrumPlus",
    "screenshot": "SpectrumPlusStorePreview.png",
    "modes": ["dark"]
  },
  {
    "name": "Radiance",
    "author": "JabariD",
    "repo": "JabariD/obsidian-radiance",
    "screenshot": "cover.png",
    "modes": ["dark", "light"]
  },
  {
    "name": "Iridium",
    "author": "kyffa",
    "repo": "kyffa/Iridium",
    "screenshot": "screenshot.png",
    "modes": ["dark", "light"]
  },
  {
    "name": "FlatCap",
    "author": "cheycron",
    "repo": "cheycron/flat-cap-obsidian",
    "screenshot": "images/screenshot.png",
    "modes": ["dark"]
  },
  {
    "name": "Mushin",
    "author": "Vlad 3Design",
    "repo": "Vlad3Design/Mushin",
    "screenshot": "Mushin.jpg",
    "modes": ["dark", "light"]
  },
  {
    "name": "Avatar",
    "repo": "cxj05h/obsidian-avatar",
    "author": "cxj05h",
    "modes": ["dark"],
    "screenshot": "Avatar_Theme.png"
  },
  {
    "name": "Robsi",
    "author": "Riffaells",
    "repo": "Riffaells/Robsi",
    "screenshot": "screenshot.png",
    "modes": ["dark", "light"]
  },
  {
    "name": "Coffee",
    "author": "@regawaras",
    "repo": "regawaras/Coffee",
    "screenshot": "coffee.png",
    "modes": ["dark", "light"]
  },
  {
    "name": "RedShift - OLED Blue Light Filter",
    "author": "Yazan Abu Queider",
    "repo": "norderan/RedShift-obsidian-theme",
    "screenshot": "screenshot.png",
    "modes": ["dark"]
  },
  {
    "name": "Nostromo",
    "author": "gvorbeck",
    "repo": "gvorbeck/Nostromo",
    "screenshot": "assets/screenshot.png",
    "modes": ["dark"]
  },
  {
    "name": "Ravenloft",
    "author": "Ivan Devyatko",
    "repo": "circkumflexx/obsidian-ravenloft-theme",
    "screenshot": "preview.png",
    "modes": ["dark", "light"]
  },
  {
    "name": "Tokyo Night Simple",
    "author": "Daniel Arnold",
    "repo": "danarnold/tokyonight-simple",
    "screenshot": "directory-screenshot.png",
    "modes": ["dark"]
  },
  {
    "name": "Omega",
    "author": "OmegaC",
    "repo": "OmegaCentauri68/Omega-Theme-for-Obsidian",
    "screenshot": "img/thumb.png",
    "modes": ["dark"]
  },
  {
    "name": "Baseline",
    "author": "Alexis C",
    "repo": "aaaaalexis/obsidian-baseline",
    "screenshot": "baseline.png",
    "modes": ["dark", "light"]
  },
  {
    "name": "Azure",
    "author": "Anna Grace",
    "repo": "annagracedev/obsidian-azure",
    "screenshot": "azure_store.png",
    "modes": ["dark", "light"]
  },
  {
    "name": "Noctis",
    "author": "konnta0",
    "repo": "konnta0/obsidian-noctis-theme",
    "screenshot": "screenshot_512x228.png",
    "modes": ["dark"]
  },
  {
    "name": "Matrix",
    "author": "fabdub",
    "repo": "dubefab/Matrix",
    "screenshot": "cover.png",
    "modes": ["dark"]
  },
  {
    "name": "Powered by Lancer - Retouched",
    "author": "Cloopy",
    "repo": "Cloopy/Powered-by-Lancer---Retouched",
    "screenshot": "RetouchedLancer.jpg",
    "modes": ["dark", "light"]
  },
  {
    "name": "Osaka Jade",
    "author": "sspaeti",
    "repo": "sspaeti/obsidian_osaka_jade",
    "screenshot": "dark.png",
    "modes": ["dark", "light"]
  },
  {
    "name": "Everforest Spruce",
    "author": "vupdivup",
    "repo": "vupdivup/obsidian-everforest-spruce",
    "screenshot": "cover.png",
    "modes": ["dark"]
  },
  {
    "name": "Nota Limonada Light",
    "author": "CrisHood",
    "repo": "crishood/nota-limonada-light",
    "screenshot": "thumbnail.png",
    "modes": ["light"]
  },
  {
    "name": "Nord",
    "author": "Lucas Haux",
    "repo": "Lucas-Haux/Nord",
    "screenshot": "dark.png",
    "modes": ["dark"]
  },
  {
    "name": "Velocity",
    "author": "Floodlight",
    "repo": "Gonzalo-D-Sales/obsidian-velocity",
    "screenshot": "assets/thumbnail.png",
    "modes": ["dark", "light"]
  },
  {
    "name": "Noctilux",
    "author": "RastGame",
    "repo": "RastGame/obsidian-Noctilux",
    "screenshot": "Assets/preview.png",
    "modes": ["dark"]
  },
  {
    "name": "Retroma",
    "author": "emarpiee",
    "repo": "emarpiee/Retroma",
    "screenshot": "assets/screenshots/retroma-banner.png",
    "modes": ["dark", "light"]
  },
  {
    "name": "Vesnea Vibe",
    "author": "Seavalanche",
    "repo": "seavalanche/vesnea-obsidian-theme",
    "screenshot": "store-display.png",
    "modes": ["dark", "light"]
  },
  {
    "name": "Blood Rush",
    "author": "incantatem2",
    "repo": "incantatem2/Obsidian-blood-rush",
    "screenshot": "images/bloodrush-thumbnail.jpg",
    "modes": ["dark"]
  },
  {
    "name": "Arzaba",
    "author": "Dario Arzaba",
    "repo": "DarioArzaba/Obsidian-Theme-Arzaba",
    "screenshot": "screenshot.png",
    "modes": ["dark", "light"]
  },
  {
    "name": "Tyrone Neon",
    "author": "tyronejosee",
    "repo": "tyronejosee/tyrone-neon",
    "screenshot": "screenshots/main.png",
    "modes": ["dark", "light"]
  },
  {
    "name": "Poimandres Extended",
    "author": "bastiangx",
    "repo": "bastiangx/poimandres.obsidian",
    "screenshot": "sc.png",
    "modes": ["dark", "light"]
  },
  {
    "name": "Future",
    "author": "Ha'ani Whitlock",
    "repo": "Bluemoondragon07/obsidian-future",
    "screenshot": "cover.jpg",
    "modes": ["dark", "light"]
  },
  {
    "name": "Spy Terminal",
    "author": "IchiroFukuda",
    "repo": "IchiroFukuda/spy-terminal-theme",
    "screenshot": "screenshots/spy-terminal-atmosphere.png",
    "modes": ["dark"]
  },
  {
    "name": "Xscriptor",
    "author": "Xscriptor",
    "repo": "xscriptordev/obsidian",
    "screenshot": "screenshot.png",
    "modes": ["dark", "light"]
  },
  {
    "name": "Museifu Basic",
    "author": "NorelDev",
    "repo": "account-not-relevant/museifu-basic-theme",
    "screenshot": "cover.png",
    "modes": ["dark", "light"]
  },
  {
    "name": "Nightly Wolf",
    "author": "jotacode",
    "repo": "codejota/NightlyWolf_ObsidianTheme",
    "screenshot": "screenshot.png",
    "modes": ["dark", "light"]
  },
  {
    "name": "Antique Flowers",
    "author": "incantatem2",
    "repo": "incantatem2/Obsidian-antique-flowers",
    "screenshot": "images/antique-flowers-dark-thumbnail.jpg",
    "modes": ["dark", "light"]
  },
  {
    "name": "Desserts",
    "author": "incantatem2",
    "repo": "incantatem2/Obsidian-desserts",
    "screenshot": "images/desserts-light-thumbnail.jpg",
    "modes": ["dark", "light"]
  },
  {
    "name": "Hidden Grotto",
    "author": "HotAndCold",
    "screenshot": "grotto-screenshot.png",
    "repo": "HotAndCold245/Hidden-Grotto",
    "modes": ["dark", "light"]
  },
  {
    "name": "Oscura",
    "author": "Vinit Kumar",
    "repo": "vinitkumar/oscura-obsidian",
    "screenshot": "screenshot.png",
    "modes": ["dark"]
  },
  {
    "name": "Minimalist Studio",
    "author": "David Troyer",
    "repo": "david-troyer/obsidian-theme-minimalist-studio",
    "screenshot": "thumbnail.jpg",
    "modes": ["dark", "light"]
  },
  {
    "name": "Universitario",
    "author": "wulflo",
    "repo": "wulflo/obsidian-3Sumaq",
    "screenshot": "cover.jpg",
    "modes": ["dark", "light"]
  },
  {
    "name": "Dedication",
    "author": "Phemelo Modiga",
    "repo": "modigaphemelo/Dedication-obsidian-theme",
    "screenshot": "Dark.png",
    "modes": ["dark", "light"]
  },
  {
    "name": "Monokai Ristretto",
    "author": "Vinit Kumar",
    "repo": "vinitkumar/monokai-ristretto-obsidian",
    "screenshot": "screenshot.png",
    "modes": ["dark"]
  },
  {
    "name": "Blur",
    "author": "Jawuj",
    "repo": "Jawuj/Blur-Theme",
    "screenshot": "Screenshot.png",
    "modes": ["dark"]
  },
  {
    "name": "True Black",
    "author": "Alex Kraasch",
    "repo": "kraasch/true-black",
    "screenshot": "data/shot_512x288px.png",
    "modes": ["dark"]
  },
  {
    "name": "Noctis Viola",
    "author": "konnta0",
    "repo": "konnta0/obsidian-noctis-viola-theme",
    "screenshot": "screenshot_512x288.png",
    "modes": ["dark"]
  },
  {
    "name": "Auger",
    "author": "David Golding",
    "repo": "davidgolding/obsidian-auger",
    "screenshot": "img/hero.png",
    "modes": ["dark", "light"]
  },
  {
    "name": "HoverPopup",
    "author": "COGQOD",
    "repo": "COGQOD/hoverpopup-obsidian-theme",
    "screenshot": "screenshots/screenshot.png",
    "modes": ["dark"]
  },
  {
    "name": "Cosmical",
    "author": "M-Torrus",
    "repo": "M-Torrus/obsidian-cosmical-theme",
    "screenshot": "screenshot.png",
    "modes": ["dark", "light"]
  },
  {
    "name": "Dedication 2",
    "author": "Phemelo Modiga",
    "repo": "modigaphemelo/Dedication-2-Obsidian-Theme",
    "screenshot": "Dark.png",
    "modes": ["dark", "light"]
  },
  {
    "name": "Hydra Pressure",
    "author": "monoooki",
    "repo": "monoooki/obsidian-hydra-pressure-theme",
    "screenshot": "assets/screenshot.png",
    "modes": ["dark", "light"]
  },
  {
    "name": "Neo Sploosh",
    "author": "monoooki",
    "repo": "monoooki/obsidian-neo-sploosh-theme",
    "screenshot": "assets/screenshot.png",
    "modes": ["dark", "light"]
  },
  {
    "name": "Planetz Roller",
    "author": "monoooki",
    "repo": "monoooki/obsidian-planetz-roller-theme",
    "screenshot": "assets/screenshot.png",
    "modes": ["dark", "light"]
  },
  {
    "name": "Night Owl",
    "author": "Max Qian",
    "repo": "AstroAir/obsidian-night-owl",
    "screenshot": "owl-icon.png",
    "modes": ["dark"]
  },
  {
    "name": "Base16 Default Dark",
    "author": "flowing-abyss",
    "repo": "flowing-abyss/obsidian-base16-default-dark",
    "screenshot": "assets/theme.png",
    "modes": ["dark"]
  },
  {
    "name": "Tech001",
    "author": "Roman Volodin",
    "repo": "volodinroman/obsidian-tech001-theme",
    "screenshot": "screenshot.png",
    "modes": ["dark", "light"]
  }
]
