{
  "main": {
    "id": "cc39052528b0db85",
    "type": "split",
    "children": [
      {
        "id": "cacca601a4d1848b",
        "type": "tabs",
        "children": [
          {
            "id": "3c070a76524b88f7",
            "type": "leaf",
            "state": {
              "type": "markdown",
              "state": {
                "file": "docs/Text test.md",
                "mode": "source",
                "source": false
              },
              "icon": "lucide-file",
              "title": "Text test"
            }
          },
          {
            "id": "65c78453439821ed",
            "type": "leaf",
            "state": {
              "type": "markdown",
              "state": {
                "file": "docs/Text test.md",
                "mode": "source",
                "source": false
              },
              "icon": "lucide-file",
              "title": "Text test"
            }
          }
        ],
        "currentTab": 1
      }
    ],
    "direction": "vertical"
  },
  "left": {
    "id": "ca8daed6ae08c9b5",
    "type": "split",
    "children": [
      {
        "id": "191671822aac7a67",
        "type": "tabs",
        "children": [
          {
            "id": "e6ee9088b95762af",
            "type": "leaf",
            "state": {
              "type": "file-explorer",
              "state": {
                "sortOrder": "alphabetical",
                "autoReveal": false
              },
              "icon": "lucide-folder-closed",
              "title": "Files"
            }
          },
          {
            "id": "598cb1b9e43e8148",
            "type": "leaf",
            "state": {
              "type": "search",
              "state": {
                "query": "",
                "matchingCase": false,
                "explainSearch": false,
                "collapseAll": false,
                "extraContext": false,
                "sortOrder": "alphabetical"
              },
              "icon": "lucide-search",
              "title": "Search"
            }
          },
          {
            "id": "2facd0b754d67b57",
            "type": "leaf",
            "state": {
              "type": "bookmarks",
              "state": {},
              "icon": "lucide-bookmark",
              "title": "Bookmarks"
            }
          }
        ]
      }
    ],
    "direction": "horizontal",
    "width": 200
  },
  "right": {
    "id": "e3dc6efe39dbd251",
    "type": "split",
    "children": [
      {
        "id": "32abac636713d5d4",
        "type": "tabs",
        "children": [
          {
            "id": "583dc97a93147820",
            "type": "leaf",
            "state": {
              "type": "backlink",
              "state": {
                "collapseAll": false,
                "extraContext": false,
                "sortOrder": "alphabetical",
                "showSearch": false,
                "searchQuery": "",
                "backlinkCollapsed": false,
                "unlinkedCollapsed": true
              },
              "icon": "links-coming-in",
              "title": "Backlinks"
            }
          },
          {
            "id": "bef98ba44bf0811f",
            "type": "leaf",
            "state": {
              "type": "outgoing-link",
              "state": {
                "linksCollapsed": false,
                "unlinkedCollapsed": true
              },
              "icon": "links-going-out",
              "title": "Outgoing links"
            }
          },
          {
            "id": "2ebc2e90a31f083d",
            "type": "leaf",
            "state": {
              "type": "tag",
              "state": {
                "sortOrder": "frequency",
                "useHierarchy": true,
                "showSearch": false,
                "searchQuery": ""
              },
              "icon": "lucide-tags",
              "title": "Tags"
            }
          },
          {
            "id": "4cf1dc3770aa7918",
            "type": "leaf",
            "state": {
              "type": "all-properties",
              "state": {
                "sortOrder": "frequency",
                "showSearch": false,
                "searchQuery": ""
              },
              "icon": "lucide-archive",
              "title": "All properties"
            }
          },
          {
            "id": "1aad85cd2aec7276",
            "type": "leaf",
            "state": {
              "type": "outline",
              "state": {
                "file": "docs/Text test.md",
                "followCursor": false,
                "showSearch": false,
                "searchQuery": ""
              },
              "icon": "lucide-list",
              "title": "Outline of Text test"
            }
          }
        ],
        "currentTab": 4
      }
    ],
    "direction": "horizontal",
    "width": 459.5
  },
  "left-ribbon": {
    "hiddenItems": {
      "switcher:Open quick switcher": false,
      "graph:Open graph view": false,
      "canvas:Create new canvas": false,
      "daily-notes:Open today's daily note": false,
      "templates:Insert template": false,
      "command-palette:Open command palette": false,
      "bases:Create new base": false,
      "smartwrite-companion:SmartWrite Companion": false
    }
  },
  "active": "1aad85cd2aec7276",
  "lastOpenFiles": [
    "scripts/dev-workflow.mjs",
    "scripts",
    "docs/DEVELOPMENT_RULES.md",
    "README.md",
    "CHANGELOG.md",
    "src/core/ReadabilityEngine.ts",
    "src/core/SuggestionEngine.ts",
    "node_modules/@nlpjs/neural/README.md",
    "node_modules/@nlpjs/neural/LICENSE.md",
    "node_modules/@nlpjs/neural/package.json",
    "node_modules/@nlpjs/neural/src/neural-network.js",
    "node_modules/@nlpjs/neural/src/lookup.js",
    "node_modules/@nlpjs/neural/src/index.js",
    "node_modules/@nlpjs/neural/src/corpus-lookup.js",
    "node_modules/@nlpjs/neural/src",
    "node_modules/@nlpjs/sentiment/README.md",
    "node_modules/@nlpjs/sentiment/LICENSE.md",
    "node_modules/@nlpjs/sentiment/package.json",
    "node_modules/@nlpjs/lang-pt/LICENSE.md",
    "node_modules/@nlpjs/core/README.md",
    "node_modules/@nlpjs/core/LICENSE.md",
    "node_modules/@nlpjs/lang-en-min/README.md",
    "node_modules/@nlpjs/lang-en-min/LICENSE.md",
    "node_modules/@nlpjs/language-min/LICENSE.md",
    "node_modules/write-good/README.md",
    "node_modules/no-cliches/README.md",
    "node_modules/too-wordy/README.md",
    "node_modules/adverb-where/README.md",
    "node_modules/e-prime/README.md",
    "node_modules/weasel-words/README.md",
    "node_modules/passive-voice/README.md",
    "node_modules/write-good/test/texts/German.md",
    "node_modules/write-good/test/texts/English2.md",
    "node_modules/write-good/test/texts/English.md",
    "node_modules/normalize-strings/README.md",
    "node_modules/text-readability/README.md"
  ]
}