{
  "main": {
    "id": "cc39052528b0db85",
    "type": "split",
    "children": [
      {
        "id": "cacca601a4d1848b",
        "type": "tabs",
        "children": [
          {
            "id": "3c070a76524b88f7",
            "type": "leaf",
            "state": {
              "type": "markdown",
              "state": {
                "file": "docs/SmartWrite Companion - UI Design Prompt.md",
                "mode": "source",
                "source": false
              },
              "icon": "lucide-file",
              "title": "SmartWrite Companion - UI Design Prompt"
            }
          },
          {
            "id": "65c78453439821ed",
            "type": "leaf",
            "state": {
              "type": "markdown",
              "state": {
                "file": "docs/Text test.md",
                "mode": "source",
                "source": false
              },
              "icon": "lucide-file",
              "title": "Text test"
            }
          },
          {
            "id": "47ced4149944ee32",
            "type": "leaf",
            "state": {
              "type": "markdown",
              "state": {
                "file": "docs/SmartWrite Companion - Development Prompts.md",
                "mode": "source",
                "source": false
              },
              "icon": "lucide-file",
              "title": "SmartWrite Companion - Development Prompts"
            }
          }
        ],
        "currentTab": 1
      }
    ],
    "direction": "vertical"
  },
  "left": {
    "id": "ca8daed6ae08c9b5",
    "type": "split",
    "children": [
      {
        "id": "191671822aac7a67",
        "type": "tabs",
        "children": [
          {
            "id": "e6ee9088b95762af",
            "type": "leaf",
            "state": {
              "type": "file-explorer",
              "state": {
                "sortOrder": "alphabetical",
                "autoReveal": false
              },
              "icon": "lucide-folder-closed",
              "title": "Files"
            }
          },
          {
            "id": "598cb1b9e43e8148",
            "type": "leaf",
            "state": {
              "type": "search",
              "state": {
                "query": "",
                "matchingCase": false,
                "explainSearch": false,
                "collapseAll": false,
                "extraContext": false,
                "sortOrder": "alphabetical"
              },
              "icon": "lucide-search",
              "title": "Search"
            }
          },
          {
            "id": "2facd0b754d67b57",
            "type": "leaf",
            "state": {
              "type": "bookmarks",
              "state": {},
              "icon": "lucide-bookmark",
              "title": "Bookmarks"
            }
          }
        ]
      }
    ],
    "direction": "horizontal",
    "width": 200
  },
  "right": {
    "id": "e3dc6efe39dbd251",
    "type": "split",
    "children": [
      {
        "id": "32abac636713d5d4",
        "type": "tabs",
        "children": [
          {
            "id": "583dc97a93147820",
            "type": "leaf",
            "state": {
              "type": "backlink",
              "state": {
                "collapseAll": false,
                "extraContext": false,
                "sortOrder": "alphabetical",
                "showSearch": false,
                "searchQuery": "",
                "backlinkCollapsed": false,
                "unlinkedCollapsed": true
              },
              "icon": "links-coming-in",
              "title": "Backlinks"
            }
          },
          {
            "id": "bef98ba44bf0811f",
            "type": "leaf",
            "state": {
              "type": "outgoing-link",
              "state": {
                "linksCollapsed": false,
                "unlinkedCollapsed": true
              },
              "icon": "links-going-out",
              "title": "Outgoing links"
            }
          },
          {
            "id": "2ebc2e90a31f083d",
            "type": "leaf",
            "state": {
              "type": "tag",
              "state": {
                "sortOrder": "frequency",
                "useHierarchy": true,
                "showSearch": false,
                "searchQuery": ""
              },
              "icon": "lucide-tags",
              "title": "Tags"
            }
          },
          {
            "id": "4cf1dc3770aa7918",
            "type": "leaf",
            "state": {
              "type": "all-properties",
              "state": {
                "sortOrder": "frequency",
                "showSearch": false,
                "searchQuery": ""
              },
              "icon": "lucide-archive",
              "title": "All properties"
            }
          },
          {
            "id": "1aad85cd2aec7276",
            "type": "leaf",
            "state": {
              "type": "outline",
              "state": {
                "file": "docs/Text test.md",
                "followCursor": false,
                "showSearch": false,
                "searchQuery": ""
              },
              "icon": "lucide-list",
              "title": "Outline of Text test"
            }
          }
        ],
        "currentTab": 4
      }
    ],
    "direction": "horizontal",
    "width": 459.5
  },
  "left-ribbon": {
    "hiddenItems": {
      "switcher:Open quick switcher": false,
      "graph:Open graph view": false,
      "canvas:Create new canvas": false,
      "daily-notes:Open today's daily note": false,
      "templates:Insert template": false,
      "command-palette:Open command palette": false,
      "bases:Create new base": false,
      "smartwrite-companion:SmartWrite Companion": false
    }
  },
  "active": "65c78453439821ed",
  "lastOpenFiles": [
    "docs/Design SmartWrite Companion UI/package-lock.json",
    "docs/Design SmartWrite Companion UI/node_modules/lucide-react/dist/lucide-react.suffixed.d.ts",
    "docs/Design SmartWrite Companion UI/node_modules/lucide-react/dist/lucide-react.prefixed.d.ts",
    "docs/Design SmartWrite Companion UI/node_modules/lucide-react/dist/lucide-react.d.ts",
    "docs/Design SmartWrite Companion UI/node_modules/lucide-react/dynamicIconImports.d.ts",
    "docs/Design SmartWrite Companion UI/node_modules/lucide-react/dynamicIconImports.mjs",
    "docs/Design SmartWrite Companion UI/node_modules/lucide-react/dynamic.d.ts",
    "docs/Design SmartWrite Companion UI/node_modules/lucide-react/dynamic.mjs",
    "docs/Design SmartWrite Companion UI/node_modules/lucide-react/README.md",
    "docs/Design SmartWrite Companion UI/node_modules/lucide-react/dist/esm/icons/zoom-out.js.map",
    "docs/Design SmartWrite Companion UI/node_modules/lucide-react/dist/esm/icons/zoom-in.js.map",
    "docs/Design SmartWrite Companion UI/node_modules/lucide-react/dist/esm/icons/zap.js.map",
    "docs/Design SmartWrite Companion UI/node_modules/date-fns/SECURITY.md",
    "docs/Design SmartWrite Companion UI/node_modules/date-fns/README.md",
    "docs/Design SmartWrite Companion UI/node_modules/date-fns/LICENSE.md",
    "docs/Design SmartWrite Companion UI/node_modules/date-fns/CHANGELOG.md",
    "docs/Design SmartWrite Companion UI/node_modules/lodash/release.md",
    "docs/Design SmartWrite Companion UI/node_modules/lodash/README.md",
    "docs/Design SmartWrite Companion UI/node_modules/victory-vendor/README.md",
    "docs/Design SmartWrite Companion UI/node_modules/victory-vendor/CHANGELOG.md",
    "docs/Design SmartWrite Companion UI/node_modules/date-fns/docs/webpack.md",
    "docs/Design SmartWrite Companion UI/node_modules/date-fns/docs/unicodeTokens.md",
    "docs/Design SmartWrite Companion UI/node_modules/date-fns/docs/timeZones.md",
    "docs/Design SmartWrite Companion UI/node_modules/date-fns/docs/release.md",
    "docs/Design SmartWrite Companion UI/node_modules/date-fns/docs/logotype.svg",
    "docs/Design SmartWrite Companion UI/node_modules/date-fns/docs/logo.svg",
    "docs/Design SmartWrite Companion UI/node_modules/date-fns/docs/i18nContributionGuide.md",
    "docs/Design SmartWrite Companion UI/node_modules/date-fns/docs/i18n.md",
    "docs/Design SmartWrite Companion UI/node_modules/date-fns/docs/gettingStarted.md",
    "docs/Design SmartWrite Companion UI/node_modules/date-fns/docs/fp.md",
    "docs/Design SmartWrite Companion UI/node_modules/date-fns/docs/cdn.md",
    "docs/Design SmartWrite Companion UI/node_modules/recharts/README.md",
    "docs/Design SmartWrite Companion UI/node_modules/recharts/CONTRIBUTING.md",
    "docs/Design SmartWrite Companion UI/node_modules/recharts/CHANGELOG.md",
    "docs/Design SmartWrite Companion UI/node_modules/@esbuild/darwin-arm64/README.md",
    "docs/Design SmartWrite Companion UI/node_modules/react-hook-form/README.md",
    "docs/Design SmartWrite Companion UI/node_modules/dom-helpers/README.md",
    "docs/Design SmartWrite Companion UI/node_modules/react-dom/README.md"
  ]
}