{
  "main": {
    "id": "cc39052528b0db85",
    "type": "split",
    "children": [
      {
        "id": "cacca601a4d1848b",
        "type": "tabs",
        "children": [
          {
            "id": "65c78453439821ed",
            "type": "leaf",
            "state": {
              "type": "markdown",
              "state": {
                "file": "docs/Text test.md",
                "mode": "source",
                "source": false
              },
              "icon": "lucide-file",
              "title": "Text test"
            }
          }
        ]
      }
    ],
    "direction": "vertical"
  },
  "left": {
    "id": "ca8daed6ae08c9b5",
    "type": "split",
    "children": [
      {
        "id": "191671822aac7a67",
        "type": "tabs",
        "children": [
          {
            "id": "e6ee9088b95762af",
            "type": "leaf",
            "state": {
              "type": "file-explorer",
              "state": {
                "sortOrder": "alphabetical",
                "autoReveal": false
              },
              "icon": "lucide-folder-closed",
              "title": "Files"
            }
          },
          {
            "id": "598cb1b9e43e8148",
            "type": "leaf",
            "state": {
              "type": "search",
              "state": {
                "query": "",
                "matchingCase": false,
                "explainSearch": false,
                "collapseAll": false,
                "extraContext": false,
                "sortOrder": "alphabetical"
              },
              "icon": "lucide-search",
              "title": "Search"
            }
          },
          {
            "id": "2facd0b754d67b57",
            "type": "leaf",
            "state": {
              "type": "bookmarks",
              "state": {},
              "icon": "lucide-bookmark",
              "title": "Bookmarks"
            }
          }
        ]
      }
    ],
    "direction": "horizontal",
    "width": 200
  },
  "right": {
    "id": "e3dc6efe39dbd251",
    "type": "split",
    "children": [
      {
        "id": "32abac636713d5d4",
        "type": "tabs",
        "children": [
          {
            "id": "583dc97a93147820",
            "type": "leaf",
            "state": {
              "type": "backlink",
              "state": {
                "collapseAll": false,
                "extraContext": false,
                "sortOrder": "alphabetical",
                "showSearch": false,
                "searchQuery": "",
                "backlinkCollapsed": false,
                "unlinkedCollapsed": true
              },
              "icon": "links-coming-in",
              "title": "Backlinks"
            }
          },
          {
            "id": "bef98ba44bf0811f",
            "type": "leaf",
            "state": {
              "type": "outgoing-link",
              "state": {
                "linksCollapsed": false,
                "unlinkedCollapsed": true
              },
              "icon": "links-going-out",
              "title": "Outgoing links"
            }
          },
          {
            "id": "2ebc2e90a31f083d",
            "type": "leaf",
            "state": {
              "type": "tag",
              "state": {
                "sortOrder": "frequency",
                "useHierarchy": true,
                "showSearch": false,
                "searchQuery": ""
              },
              "icon": "lucide-tags",
              "title": "Tags"
            }
          },
          {
            "id": "4cf1dc3770aa7918",
            "type": "leaf",
            "state": {
              "type": "all-properties",
              "state": {
                "sortOrder": "frequency",
                "showSearch": false,
                "searchQuery": ""
              },
              "icon": "lucide-archive",
              "title": "All properties"
            }
          },
          {
            "id": "1aad85cd2aec7276",
            "type": "leaf",
            "state": {
              "type": "outline",
              "state": {
                "file": "docs/Text test.md",
                "followCursor": false,
                "showSearch": false,
                "searchQuery": ""
              },
              "icon": "lucide-list",
              "title": "Outline of Text test"
            }
          },
          {
            "id": "5cc0a5cfa07706b6",
            "type": "leaf",
            "state": {
              "type": "smartwrite-sidebar",
              "state": {},
              "icon": "pencil",
              "title": "SmartWrite Companion"
            }
          }
        ],
        "currentTab": 5
      }
    ],
    "direction": "horizontal",
    "width": 322.5
  },
  "left-ribbon": {
    "hiddenItems": {
      "switcher:Open quick switcher": false,
      "graph:Open graph view": false,
      "canvas:Create new canvas": false,
      "daily-notes:Open today's daily note": false,
      "templates:Insert template": false,
      "command-palette:Open command palette": false,
      "bases:Create new base": false,
      "smartwrite-companion:SmartWrite Companion": false
    }
  },
  "active": "65c78453439821ed",
  "lastOpenFiles": [
    "docs/SmartWrite Companion - Development Prompts.md",
    "docs/Text test.md",
    "docs/instalador/install.scpt",
    "docs/instalador",
    "src/core/TextAnalyzer.test.ts",
    "node_modules/fsevents/build/config.gypi",
    "node_modules/fsevents/build",
    "node_modules/@vitest/mocker/LICENSE",
    "node_modules/@vitest/mocker/README.md",
    "node_modules/@vitest/mocker/package.json",
    "node_modules/@vitest/mocker/dist/types.d-B8CCKmHt.d.ts",
    "node_modules/@vitest/mocker/dist/redirect.d.ts",
    "node_modules/@vitest/mocker/dist/register.js",
    "node_modules/@vitest/runner/README.md",
    "node_modules/@vitest/snapshot/README.md",
    "node_modules/@vitest/expect/README.md",
    "node_modules/@vitest/spy/README.md",
    "node_modules/vitest/README.md",
    "node_modules/vitest/LICENSE.md",
    "node_modules/rollup/README.md",
    "node_modules/rollup/LICENSE.md",
    "node_modules/vite/README.md",
    "node_modules/vite/LICENSE.md",
    "node_modules/@jridgewell/sourcemap-codec/README.md",
    "node_modules/magic-string/README.md",
    "node_modules/vite/node_modules/picomatch/README.md",
    "node_modules/tinyglobby/node_modules/picomatch/README.md",
    "node_modules/expect-type/SECURITY.md",
    "node_modules/vitest/node_modules/picomatch/README.md",
    "node_modules/expect-type/README.md",
    "node_modules/pathe/README.md",
    "node_modules/es-module-lexer/README.md",
    "node_modules/@standard-schema/spec/README.md",
    "node_modules/chai/README.md",
    "node_modules/obug/README.md",
    "node_modules/tinybench/README.md",
    "docs/Design SmartWrite Companion UI/node_modules/date-fns/docs/logotype.svg",
    "docs/Design SmartWrite Companion UI/node_modules/date-fns/docs/logo.svg"
  ]
}