{
  "main": {
    "id": "cc39052528b0db85",
    "type": "split",
    "children": [
      {
        "id": "cacca601a4d1848b",
        "type": "tabs",
        "children": [
          {
            "id": "3c070a76524b88f7",
            "type": "leaf",
            "state": {
              "type": "markdown",
              "state": {
                "file": "docs/SmartWrite Companion - UI Design Prompt.md",
                "mode": "source",
                "source": false
              },
              "icon": "lucide-file",
              "title": "SmartWrite Companion - UI Design Prompt"
            }
          },
          {
            "id": "65c78453439821ed",
            "type": "leaf",
            "state": {
              "type": "markdown",
              "state": {
                "file": "docs/Text test.md",
                "mode": "source",
                "source": false
              },
              "icon": "lucide-file",
              "title": "Text test"
            }
          }
        ],
        "currentTab": 1
      }
    ],
    "direction": "vertical"
  },
  "left": {
    "id": "ca8daed6ae08c9b5",
    "type": "split",
    "children": [
      {
        "id": "191671822aac7a67",
        "type": "tabs",
        "children": [
          {
            "id": "e6ee9088b95762af",
            "type": "leaf",
            "state": {
              "type": "file-explorer",
              "state": {
                "sortOrder": "alphabetical",
                "autoReveal": false
              },
              "icon": "lucide-folder-closed",
              "title": "Files"
            }
          },
          {
            "id": "598cb1b9e43e8148",
            "type": "leaf",
            "state": {
              "type": "search",
              "state": {
                "query": "",
                "matchingCase": false,
                "explainSearch": false,
                "collapseAll": false,
                "extraContext": false,
                "sortOrder": "alphabetical"
              },
              "icon": "lucide-search",
              "title": "Search"
            }
          },
          {
            "id": "2facd0b754d67b57",
            "type": "leaf",
            "state": {
              "type": "bookmarks",
              "state": {},
              "icon": "lucide-bookmark",
              "title": "Bookmarks"
            }
          }
        ]
      }
    ],
    "direction": "horizontal",
    "width": 200
  },
  "right": {
    "id": "e3dc6efe39dbd251",
    "type": "split",
    "children": [
      {
        "id": "32abac636713d5d4",
        "type": "tabs",
        "children": [
          {
            "id": "583dc97a93147820",
            "type": "leaf",
            "state": {
              "type": "backlink",
              "state": {
                "collapseAll": false,
                "extraContext": false,
                "sortOrder": "alphabetical",
                "showSearch": false,
                "searchQuery": "",
                "backlinkCollapsed": false,
                "unlinkedCollapsed": true
              },
              "icon": "links-coming-in",
              "title": "Backlinks"
            }
          },
          {
            "id": "bef98ba44bf0811f",
            "type": "leaf",
            "state": {
              "type": "outgoing-link",
              "state": {
                "linksCollapsed": false,
                "unlinkedCollapsed": true
              },
              "icon": "links-going-out",
              "title": "Outgoing links"
            }
          },
          {
            "id": "2ebc2e90a31f083d",
            "type": "leaf",
            "state": {
              "type": "tag",
              "state": {
                "sortOrder": "frequency",
                "useHierarchy": true,
                "showSearch": false,
                "searchQuery": ""
              },
              "icon": "lucide-tags",
              "title": "Tags"
            }
          },
          {
            "id": "4cf1dc3770aa7918",
            "type": "leaf",
            "state": {
              "type": "all-properties",
              "state": {
                "sortOrder": "frequency",
                "showSearch": false,
                "searchQuery": ""
              },
              "icon": "lucide-archive",
              "title": "All properties"
            }
          },
          {
            "id": "1aad85cd2aec7276",
            "type": "leaf",
            "state": {
              "type": "outline",
              "state": {
                "file": "docs/Text test.md",
                "followCursor": false,
                "showSearch": false,
                "searchQuery": ""
              },
              "icon": "lucide-list",
              "title": "Outline of Text test"
            }
          },
          {
            "id": "441b9f01f9960c1f",
            "type": "leaf",
            "state": {
              "type": "smartwrite-sidebar",
              "state": {},
              "icon": "pencil",
              "title": "SmartWrite Companion"
            }
          }
        ],
        "currentTab": 5
      }
    ],
    "direction": "horizontal",
    "width": 459.5
  },
  "left-ribbon": {
    "hiddenItems": {
      "switcher:Open quick switcher": false,
      "graph:Open graph view": false,
      "canvas:Create new canvas": false,
      "daily-notes:Open today's daily note": false,
      "templates:Insert template": false,
      "command-palette:Open command palette": false,
      "bases:Create new base": false,
      "smartwrite-companion:SmartWrite Companion": false
    }
  },
  "active": "441b9f01f9960c1f",
  "lastOpenFiles": [
    "docs/SmartWrite Companion - UI Design Prompt.md",
    "docs/Text test.md",
    "docs/versions/0.3.29.zip",
    "docs/versions/ziaFmzLv",
    "docs/versions/0.3.29/src/ui/components/TextMetricsPanel.ts",
    "docs/versions/0.3.29/src/ui/components/SuggestionsPanel.ts",
    "docs/versions/0.3.29/src/ui/components/SessionStatsPanel.ts",
    "docs/versions/0.3.29/src/ui/components/ReadabilityPanel.ts",
    "docs/versions/0.3.29/src/ui/components/PersonaPanel.ts",
    "docs/versions/0.3.29/src/ui/components/BasePanel.ts",
    "docs/versions/0.3.29/src/core/TextAnalyzer.ts",
    "docs/versions/0.3.29/src/core/SuggestionEngine.ts",
    "docs/versions/0.3.29/docs/Design SmartWrite Companion UI/src/guidelines/Guidelines.md",
    "docs/versions/0.3.29/docs/Text test.md",
    "docs/versions/0.3.29/docs/SmartWrite Companion - UI Design Prompt.md",
    "docs/versions/0.3.29/docs/SmartWrite Companion - Technical Architecture.md",
    "docs/versions/0.3.29/docs/SmartWrite Companion - Readability Methods Reference.md",
    "docs/versions/0.3.29/docs/SmartWrite Companion - Development Rules.md",
    "docs/versions/0.3.29/docs/SmartWrite Companion - Development Prompts.md",
    "docs/versions/0.3.29/docs/Design SmartWrite Companion UI/src/Attributions.md",
    "docs/versions/0.3.29/docs/Design SmartWrite Companion UI/README.md",
    "docs/versions/0.3.29/docs/SmartWrite Companion - Blueprint.md",
    "docs/versions/0.3.29/README.md",
    "docs/versions/0.3.29/CHANGELOG.md",
    "docs/versions/0.3.28/docs/Design SmartWrite Companion UI/src/guidelines/Guidelines.md",
    "docs/versions/0.3.28/docs/Text test.md",
    "docs/versions/0.3.28/docs/SmartWrite Companion - UI Design Prompt.md",
    "docs/versions/0.3.28/docs/SmartWrite Companion - Technical Architecture.md",
    "docs/versions/0.3.28/docs/SmartWrite Companion - Readability Methods Reference.md",
    "docs/versions/0.3.28/docs/SmartWrite Companion - Development Rules.md",
    "docs/versions/0.3.28/docs/SmartWrite Companion - Development Prompts.md",
    "docs/versions/0.3.28/docs/SmartWrite Companion - Blueprint.md",
    "docs/versions/0.3.28/docs/Design SmartWrite Companion UI/src/Attributions.md",
    "docs/versions/0.3.28/docs/Design SmartWrite Companion UI/README.md",
    "docs/versions/0.3.28/README.md",
    "docs/versions/0.3.28/CHANGELOG.md"
  ]
}